id,name,team,teamId,conf,group,posDesc,shirt,age,dob,nat,height,value,injury,mp,statPos,mins_played,rating,goals,goal_assist,goals_per_90,total_scoring_att,ontarget_scoring_att,accurate_pass,big_chance_created,total_att_assist,accurate_long_balls,won_contest,big_chance_missed,penalty_won,defensive_contributions,total_tackle,interception,effective_clearance,outfielder_block,ball_recovery,poss_won_att_3rd,penalty_conceded,fouls,yellow_card,red_card,clean_sheet,_save_percentage,saves,goals_conceded,potm,pen_goals,pass_pct,chances_p90,longball_pct,dribble_pct,shot_conv,poss_won_mid_p90,fouled_p90
1352794,Jahmali Waite,Tampa Bay Rowdies,197328,Eastern,keepers,GK,1,27,1998-12-24,Jamaica,185,50701,,22,11,1980,7.02,,,,,,15.8,,1,,,,,1,,,1,,8.7,,1,0,4,,12,72.4,2.5,1,2,,70.5,0,,,,,
1082962,Austin Pack,Tampa Bay Rowdies,197328,Eastern,keepers,GK,24,32,1994-02-15,USA,187,55064,,4,11,360,,,,,,,,,,,,,,,,,,,,,,,,,2,,,,,,,,,,,,
1652661,Brian Schaefer,Tampa Bay Rowdies,197328,Eastern,defenders,CB,3,24,2002-04-17,USA,191,152694,,14,34,1127,7.18,,,,0.2,0.1,48.7,,4,4.6,0.1,,,7.8,1.2,1.2,5,0.5,3.5,0.1,,0.7,1,,,,,,0,,85.6,0.3,51.8,50,0,1.8,
1338617,Yanis Leerman,Tampa Bay Rowdies,197328,Eastern,defenders,CB,5,28,1998-06-15,France,188,50000,,8,34,387,,,,,,,,,3,,,1,,,,,,,,,,,,,,,,,,,,0.7,,,,,
1338618,Charlie Ostrem,Tampa Bay Rowdies,197328,Eastern,defenders,"LB,LWB",20,26,1999-10-12,USA,173,103338,,26,38|59,2133,7.17,,8,,0.7,0,29.7,6,40,1.8,0.4,,,4.8,1.1,1,2.7,0.1,3.3,0.1,,1.1,6,,,,,,0,,76.6,1.7,41.7,52.9,0,1.5,
1246605,Ethan Bartlow,Tampa Bay Rowdies,197328,Eastern,defenders,CB,21,26,2000-02-02,USA,183,137703,,6,34,505,,,,,,,,,,,,2,,,,,,,,,,,1,,,,,,,,,,,,,,
650320,Dion Acoff,Tampa Bay Rowdies,197328,Eastern,defenders,"RB,RWB",26,35,1991-09-23,USA,175,50000,,21,32|51,1484,7,,3,,0.6,0.2,20,7,26,0.5,0.8,1,,3.6,1.4,0.8,1.3,0.1,3.8,0.1,,1,4,,,,,,1,,78,1.6,25.8,50,0,1.9,
1056524,Laurence Wyke,Tampa Bay Rowdies,197328,Eastern,defenders,CB,27,30,1996-09-20,England,185,50000,,14,33,556,6.62,1,,0.16,1,0.3,35.3,,4,4.2,0.3,,,8.3,2.6,1.1,3.9,0.6,4.2,0.2,,1.9,2,,,,,,0,0,75.4,0.6,41.3,50,16.7,1.8,
960597,Gennaro Nigro,Tampa Bay Rowdies,197328,Eastern,defenders,"LB,RB",33,26,2000-05-29,USA,178,50000,,5,38|32,129,,,,,,,,1,2,,,,,,,,,,,,,,,,,,,,,,,1.4,,,,,
1744398,Alexander Rodriguez,Tampa Bay Rowdies,197328,Eastern,defenders,RB,36,19,2006-11-20,USA,175,,,2,32,10,,,,,,,,,,,,,,,,,,,,,,,,,,,,,,,,,,,,,
1921658,Jesse Tita,Tampa Bay Rowdies,197328,Eastern,defenders,,37,19,2006-11-18,USA,178,,,,,,,,,,,,,,,,,,,,,,,,,,,,,,,,,,,,,,,,,,
1057835,Leland Archer,Tampa Bay Rowdies,197328,Eastern,defenders,CB,55,30,1996-01-08,Trinidad and Tobago,193,50000,,3,34,153,,,,,,,,,1,,,1,,,,,,,,,,,1,,,,,,,,,0.6,,,,,
1338695,Nathan Dossantos,Tampa Bay Rowdies,197328,Eastern,defenders,CB,62,27,1999-04-11,Canada,180,63845,,26,36,2339,7.04,,,,0.2,0,49.1,,1,3.1,0.1,1,,8.2,1.2,0.8,5.8,0.4,3.3,,,0.5,6,,,,,,0,,88.1,0,48.5,100,0,,
762335,Lewis Hilton,Tampa Bay Rowdies,197328,Eastern,midfielders,"CDM,CM",4,32,1993-10-22,England,173,50000,,20,64|75,1111,7.01,,1,,1.2,0.2,44,3,14,4.6,0.6,1,1,4.3,2.6,0.7,0.9,0.1,5.8,0.2,,1.2,4,,,,,,0,,80.4,1.1,56.4,77.8,0,3.4,1.5
1348303,Pedro Dolabella,Tampa Bay Rowdies,197328,Eastern,midfielders,"CAM,ST,CM,CDM,LW",8,27,1999-07-29,Brazil,191,78193,,26,85|104|77|66|87,1493,6.82,3,2,0.18,2.8,0.8,25.9,5,20,0.9,0.7,5,1,2.8,1.2,0.3,1.1,0.2,3.4,0.2,1,2.4,3,,,,,,0,1,76.1,1.2,50,52.4,6.4,1.9,1.5
1253521,Louis Perez,Tampa Bay Rowdies,197328,Eastern,midfielders,"RW,CM,LM",13,29,1997-06-11,France,180,50000,,25,83|77|78,1126,6.74,5,1,0.4,2.2,0.8,30.5,3,17,1.7,0.6,3,,2.6,1.6,0.6,0.2,0.1,5.1,0.4,,3,4,1,,,,,2,0,79.7,1.4,47.7,53.8,18.5,2.8,
847568,Marco Micaletto,Tampa Bay Rowdies,197328,Eastern,midfielders,"CAM,RW,CM",16,30,1996-01-19,Italy,178,50000,,24,85|83|77,1103,6.81,5,2,0.41,2.8,0.7,22.1,2,22,1,0.3,2,,1.6,0.7,0.5,0.2,0.2,3.5,0.7,,1.9,4,,,,,,0,0,76.8,1.8,42.9,23.5,14.7,2.1,
1346878,Max Schneider,Tampa Bay Rowdies,197328,Eastern,midfielders,"CDM,CB,CM",23,26,2000-07-28,Germany,191,105229,,26,66|35|74,2084,7.08,1,1,0.04,1.3,0.3,45.7,3,15,2.1,0.1,1,,5.4,1.8,1.1,2.2,0.3,4.9,0.3,,2.6,8,,,,,,3,0,86.1,0.6,46.7,60,3.3,2.9,
1463253,Sebastian Cruz,Tampa Bay Rowdies,197328,Eastern,midfielders,"CDM,RB,RW,CM,LB",30,26,2000-07-31,USA,170,102881,,21,64|32|83|73|38,1795,7.38,2,2,0.1,0.9,0.3,34.1,5,27,1.8,0.8,1,,5.3,2.6,0.9,1.6,0.2,4.9,0.4,,1.3,5,,,,,,2,0,83.8,1.4,54.5,75,11.1,2.1,
1173020,Evan Conway,Tampa Bay Rowdies,197328,Eastern,attackers,"RW,ST,LW",7,28,1997-11-07,USA,185,60443,,23,83|106|87,855,6.6,3,2,0.32,2.8,0.8,13.6,2,15,0.3,0.4,3,,2,1.4,0.2,0.4,,2.5,0.4,,1.6,2,,,,,,0,0,69.7,1.6,33.3,33.3,11.1,1.9,
1463307,MD Myers,Tampa Bay Rowdies,197328,Eastern,attackers,"ST,CAM",9,25,2001-04-05,USA,183,105483,,25,115|85,1801,7.08,12,4,0.6,2.6,1,9.6,6,19,0.3,0.6,8,1,0.9,0.3,0.2,0.4,,1.5,0.4,,1.3,2,,,,,,5,2,70.2,0.9,53.8,41.4,22.6,0.9,1.2
858760,Russell Cicerone,Tampa Bay Rowdies,197328,Eastern,attackers,"LW,ST",10,31,1994-11-17,USA,178,50000,,23,87|104,1762,7.2,6,4,0.31,2.5,1.1,18.6,4,36,0.8,1.7,6,,1.5,0.9,0.2,0.4,0.1,3.9,0.5,,1.1,3,,,,,,3,0,72.1,1.8,43.2,47.2,12.5,2.2,
1440020,Gino Vivi,Tampa Bay Rowdies,197328,Eastern,attackers,LW,11,25,2000-12-20,Costa Rica,168,74480,,3,107,97,,1,,,,,,,1,,,,,,,,,,,,,,,,,,,,,0,,0.9,,,,,
1615778,Karsen Henderlong,Tampa Bay Rowdies,197328,Eastern,attackers,ST,14,26,2000-09-24,USA,191,106492,,20,115,436,,1,,0.21,3.3,1,16.1,1,9,,1.7,4,,1,0.4,,0.6,,2.5,0.6,,3.7,,,,,,,,0,66.7,1.9,,57.1,6.3,1.2,
289441,Jürgen Locadia,Tampa Bay Rowdies,197328,Eastern,attackers,ST,19,32,1993-11-07,Curaçao,193,63563,,20,115,1492,6.9,8,,0.48,3.1,1.4,15.9,4,17,0.5,0.5,7,,1.3,0.4,0.1,0.8,,2.2,0.5,,2.8,3,,,,,,3,0,81,1,56.3,52.9,15.4,1.5,
525646,John Berner,Charleston Battery,162183,Eastern,keepers,GK,1,35,1991-02-14,USA,191,50000,,4,11,360,,,,,,,,,,,,,,,,,,,,,,,,,2,,,,,,,,,,,,
1368138,Daniel Kuzemka,Charleston Battery,162183,Eastern,keepers,GK,24,28,1998-09-23,USA,188,50000,,1,11,90,,,,,,,,,,,,,,,,,,,,,,,,,1,,,,,,,,,,,,
1076859,Luis Zamudio,Charleston Battery,162183,Eastern,keepers,GK,56,28,1998-06-24,USA,193,50000,,21,11,1890,6.69,,,,,,23.4,,1,,0,,,0.9,,,0.9,,7.4,,1,0,2,,6,67.1,2.6,1.3,1,,82.1,0,,100,,,
2221954,Cohen Rigsby,Charleston Battery,162183,Eastern,keepers,,98,18,2008-05-28,USA,196,,,,,,,,,,,,,,,,,,,,,,,,,,,,,,,,,,,,,,,,,,
1781459,Kruz Held,Charleston Battery,162183,Eastern,defenders,,2,18,2008-06-21,USA,180,,,1,2,1,,,,,,,,,,,,,,,,,,,,,,,,,,,,,,,,,,,,,
1623839,Nathan Messer,Charleston Battery,162183,Eastern,defenders,"LB,LWB",3,25,2001-07-06,France,183,112442,,25,38|59,1878,6.99,,7,,0.4,0.1,33,11,44,2.1,0.7,,,4.3,1.3,0.8,2.1,0.1,3.4,0.3,,0.9,2,1,,,,,1,,83.4,2.1,44.8,46.9,0,1.3,
1615774,Sean Suber,Charleston Battery,162183,Eastern,defenders,"CB,CDM,RB",5,25,2001-06-13,USA,185,156477,,24,35|66|32,1572,6.67,1,,0.06,0.3,0.2,46.3,1,11,4.4,0.2,,,4.8,1,0.9,2.6,0.3,3.8,0.1,,0.5,,,,,,,1,0,83.9,0.6,52,50,16.7,2.2,
1448116,Langston Blackstock,Charleston Battery,162183,Eastern,defenders,"LB,RB,RW,LW",7,26,2000-03-23,USA,185,77196,,18,38|32|83|87,700,6.64,2,,0.26,1.8,1,26.6,,5,1.8,1,,,3.6,2.4,0.5,0.6,,3.2,0.3,,1.2,1,,,,,,0,0,84.8,0.6,51.9,66.7,14.3,1.3,
924435,Graham Smith,Charleston Battery,162183,Eastern,defenders,CB,16,30,1995-11-25,USA,188,82944,,25,34,2183,6.83,1,,0.04,0.4,0.2,57.2,1,5,4.3,,1,1,7.7,0.9,0.9,5.2,0.7,2.3,0,,1.1,5,1,,,,,0,0,89.1,0.2,51.2,,11.1,0.9,0.9
1440047,Joey Akpunonu,Charleston Battery,162183,Eastern,defenders,CB,22,24,2001-12-21,USA,191,99503,,26,36,2234,7.07,,2,,0.5,0.2,65.1,3,10,8.1,0.2,2,,7.7,0.8,0.6,5.4,0.9,3.9,,,0.4,2,,,,,,0,,88.7,0.4,60,80,0,,
844926,Douglas Martínez,Charleston Battery,162183,Eastern,defenders,"RB,RWB",42,29,1997-06-05,Honduras,183,50000,,23,32|51,1278,6.8,2,2,0.14,0.4,0.3,32.7,3,15,2.9,0.6,1,,6.3,1.7,1.7,2.7,0.3,3.3,0.1,1,1.8,6,1,,,,,0,0,77.4,1.1,47.1,50,40,1.1,
877678,Chris Allan,Charleston Battery,162183,Eastern,midfielders,CDM,4,28,1998-09-27,England,178,50000,,12,66,296,,1,,,,,,,2,,,,,,,,,,,,,,1,,,,,,,0,,0.6,,,,,
1172904,Emilio Ycaza,Charleston Battery,162183,Eastern,midfielders,"CDM,CM,CAM,RW",8,29,1997-07-10,USA,170,50000,,26,64|74|85|83,2199,7.21,8,4,0.33,1.3,0.5,43.4,5,21,2.4,0.2,2,1,4,1.2,1.4,1.4,0.1,5.2,0.5,,2.2,6,,,,,,4,4,86.3,0.9,57.3,33.3,25.8,3.5,2.6
938954,Laurent Kissiedou,Charleston Battery,162183,Eastern,midfielders,"CAM,CDM,CM,RM",10,27,1998-12-22,Côte d'Ivoire,173,120329,,20,85|66|74|72,924,6.61,2,1,0.19,1.9,0.3,41.8,1,8,1.6,1.2,2,,2.1,1.1,0.7,0.3,0.1,4.3,0.6,,1.7,2,1,,,,,0,0,85.3,0.8,48.5,57.1,10.5,1.8,
1921633,Jack Wayne,Charleston Battery,162183,Eastern,midfielders,,17,18,2008-07-22,USA,178,,,5,2,43,,,,,,,,,,,,,,,,,,,,,,,,,,,,,,,,,,,,,
2205532,Briggs Gwozdo,Charleston Battery,162183,Eastern,midfielders,,36,17,2009-08-19,USA,180,,,,,,,,,,,,,,,,,,,,,,,,,,,,,,,,,,,,,,,,,,
1902106,Kirill Pakhomov,Charleston Battery,162183,Eastern,midfielders,"CDM,CM",88,25,2001-03-12,Russia,190,113384,,25,66|76,1469,6.71,3,,0.18,0.8,0.3,48.9,1,10,3.4,0.5,1,,3.7,1.7,0.8,1.2,0.1,4.4,0.4,,1.6,6,,,,,,1,0,87.3,0.6,57.9,61.5,23.1,2.6,
1252861,Nanan Houssou,Charleston Battery,162183,Eastern,midfielders,"CDM,RB,CM,LWB,LB",91,25,2000-12-28,Côte d'Ivoire,180,81001,,15,66|32|76|59|38,715,6.78,,1,,1,0.3,44.8,2,6,2.6,0.6,,,5.4,1.9,1.9,1.5,0.1,7.8,0.8,,1.5,2,,,,,,0,,86.2,0.8,51.2,33.3,0,3,
2221955,Camilo Sánchez,Charleston Battery,162183,Eastern,attackers,ST,9,28,1998-08-12,Colombia,187,,,3,104,108,,1,,,,,,1,1,,,,,,,,,,,,,,,,,,,,,0,,0.8,,,,,
1518693,Alec Hughes,Charleston Battery,162183,Eastern,attackers,ST,12,24,2002-01-22,USA,193,,,13,115,188,,2,,0.96,4.3,2.4,8.1,,1,,0.5,3,,1.4,,,1.4,,0.5,0.5,,3.4,,,,,,,,0,70.8,0.5,,50,22.2,0,
1047604,Wilmer Cabrera,Charleston Battery,162183,Eastern,attackers,"ST,RW,LW,RM",13,26,2000-07-29,USA,175,,,24,104|83|87|72,794,6.63,4,2,0.45,2.9,1.6,18,2,9,0.5,1.1,3,,2.4,1.7,0.5,0.2,,2.2,0.2,,1.1,,,,,,,0,0,77.9,1,50,37,15.4,1.2,
1124831,Jeremy Kelly,Charleston Battery,162183,Eastern,attackers,"LW,LM,CAM",29,28,1997-10-21,USA,175,50000,,26,87|78|85,2192,7.47,2,9,0.08,1.4,0.4,35.9,10,49,2.2,1,2,,2.2,1.4,0.5,0.2,,3.3,0.5,,0.7,2,,,,,,2,0,83,2,61.6,49,6.1,1.6,
1666357,Colton Swan,Charleston Battery,162183,Eastern,attackers,ST,30,19,2007-05-03,USA,185,396619,,20,115,1073,6.91,7,2,0.59,2.7,1.2,10.1,4,11,0.1,0.7,6,1,1.7,0.8,0.2,0.7,0.1,1.3,0.5,,1.2,,,,,,,2,0,71.9,0.9,50,44.4,21.9,0.8,0.9
1166273,Miguel Berry,Charleston Battery,162183,Eastern,attackers,"ST,CAM",90,29,1997-09-16,Spain,191,74148,,26,115|85,2008,7.09,7,5,0.31,3,1.1,14,6,29,0.7,1.1,7,1,1.2,0.4,0.1,0.5,0.1,2.2,0.5,,1.3,6,,,,,,4,0,74.3,1.3,57.7,45.5,10.6,1.4,2.1
919527,Maalique Foster,Charleston Battery,162183,Eastern,attackers,"RW,RM",99,29,1996-11-05,Jamaica,168,50000,,26,83|72,1468,6.9,9,2,0.55,1.9,1.1,17.5,1,22,0.5,0.4,9,,1.7,0.6,0.6,0.5,,2.5,0.5,,1,4,,,,,,2,0,80.8,1.3,44.4,33.3,29,1.3,
1357579,Carlos Herrera,Detroit City FC,540855,Eastern,keepers,GK,1,29,1997-09-12,USA,188,50000,,23,11,2070,7.01,,,,,,22.7,,,,,,,0.8,,,0.8,,7.9,,,,,,12,75.4,2.1,0.7,0,,71.8,,,,,,
649957,Tatenda Mkuruva,Detroit City FC,540855,Eastern,keepers,GK,16,30,1996-01-04,Zimbabwe,188,,,,,,,,,,,,,,,,,,,,,,,,,,,,,,,,,,,,,,,,,,
1298994,Carlos Saldaña,Detroit City FC,540855,Eastern,keepers,GK,91,29,1996-10-27,Mexico,188,50000,,2,11,180,,,,,,,,,,,,,,,,,,,,,,,1,,,,,,,,,,,,,,
1081951,Rhys Williams,Detroit City FC,540855,Eastern,defenders,"RB,RW",2,31,1995-08-09,USA,183,50000,,4,32|83,136,,,,,,,,,,,,1,,,,,,,,,,,,,,,,,,,,,,,,,
1172869,Aedan Stanley,Detroit City FC,540855,Eastern,defenders,"LB,LW",3,26,1999-12-13,USA,180,119426,,20,38|87,1218,6.83,,3,,0.4,0.1,30,5,19,2.4,0.7,,,4.4,1.2,1.3,1.6,0.3,2.5,0.4,1,1.3,4,,,,,,1,,76.6,1.4,42.3,62.5,0,0.8,
1026047,Callum Montgomery,Detroit City FC,540855,Eastern,defenders,CB,4,29,1997-05-14,Canada,191,50000,,25,36,2034,7.08,,,,0.8,0.1,45.5,,5,2.7,0,4,,9.3,0.8,1.2,6.5,0.8,2.5,0,,0.8,4,,,,,,1,,83.9,0.2,37.4,100,0,1,
1175374,Michael Bryant,Detroit City FC,540855,Eastern,defenders,CB,12,31,1995-04-02,USA,188,50000,,2,35,3,,,,,,,,,,,,,,,,,,,,,,,,,,,,,,,,,,,,,
1644456,Haruki Yamazaki,Detroit City FC,540855,Eastern,defenders,"RB,RW,CAM,RWB",14,25,2000-12-11,Japan,178,102034,,25,32|83|86|62,2164,7.32,,2,,0.6,0,24.6,4,15,1.6,1.1,1,,6.6,2.6,1.7,2,0.2,4.5,0,1,1.5,5,,,,,,6,,76.2,0.6,32.5,50.9,0,1.8,
1246586,Rio Hope-Gund,Detroit City FC,540855,Eastern,defenders,"CB,RB",20,27,1999-08-20,USA,183,50000,,13,34|32,405,,1,,0.22,0.9,0.2,49.8,,3,2,0.7,,,6,1.1,0.4,3.8,0.7,4.4,,,1.3,,,,,,,,0,87.8,0.7,40.9,100,25,,
1175165,Devon Amoo-Mensah,Detroit City FC,540855,Eastern,defenders,CB,30,30,1995-11-27,USA,183,50000,,25,34,2250,7.07,,1,,0.4,,47,2,7,2.4,0,,,8,0.7,0.9,5.5,0.9,3.6,,,1.3,5,,,,,,1,,84.3,0.3,32.4,50,0,,
1611186,Tommy Silva,Detroit City FC,540855,Eastern,defenders,LB,33,24,2002-02-21,USA,178,,,20,38,1452,6.82,1,,0.06,0.6,0.1,28.1,5,17,1.4,0.3,,,5.3,1.2,0.6,3.2,0.2,3.5,,,1.2,2,,,,,,0,0,72.6,1.1,23,31.3,11.1,,
157390,Ryan Williams,Detroit City FC,540855,Eastern,midfielders,"CDM,CM",6,35,1991-04-08,England,173,50000,,20,64|76,674,6.54,,,,0.7,0.3,34.6,,8,2,0.1,,,5.1,1.1,0.7,2.7,0.7,5.9,0.7,,0.9,1,,,,,,0,,83.3,1.1,51.7,25,0,3.2,
1170736,Abdoulaye Diop,Detroit City FC,540855,Eastern,midfielders,"CDM,CAM,CM",8,27,1999-09-17,Senegal,183,63090,,24,64|86|76,1611,6.58,1,,0.06,1.1,0.2,22.6,1,10,0.8,0.7,,,2.8,1.3,1.1,0.3,0.2,3.7,0.2,,1.8,5,1,,,,,1,0,83.3,0.6,50,40.6,5,2.3,
1175406,Connor Rutz,Detroit City FC,540855,Eastern,midfielders,CAM,11,29,1997-04-09,USA,185,72000,,8,85,245,,1,,,,,,,4,,,1,,,,,,,,,,,2,,,,,,,0,,1.5,,,,,
942418,Maxi Rodriguez,Detroit City FC,540855,Eastern,midfielders,"CAM,CM",21,31,1995-08-09,USA,180,72000,,20,85|76,1389,6.66,3,1,0.19,1.6,0.5,25.3,3,17,2,0.5,2,,2.5,1.2,0.6,0.6,0.1,2.3,0.5,,1,4,,,,,,0,0,74.8,1.1,62,36.4,12,1,
1079029,Kobe Hernández-Foster,Detroit City FC,540855,Eastern,midfielders,"CDM,CM",22,24,2002-06-26,USA,173,99450,,25,66|74,2036,7.17,1,4,0.04,1.5,0.5,42.3,10,41,3.9,0.9,,,2.2,0.9,0.7,0.6,0,3.8,0.4,,0.6,4,,,,,,2,0,85.1,1.8,51.7,62.5,3,2.1,
1783978,Bilal Obeid,Detroit City FC,540855,Eastern,midfielders,,66,18,2007-11-19,Palestine,178,,,,,,,,,,,,,,,,,,,,,,,,,,,,,,,,,,,,,,,,,,
559158,Darren Smith,Detroit City FC,540855,Eastern,attackers,ST,7,30,1996-03-26,South Africa,175,52646,,22,115,1779,6.93,12,1,0.61,2,1.2,8.8,2,14,0.2,0.3,10,,1,0.5,0.1,0.4,0.1,1.2,0.3,,1.1,1,,,,,,2,0,71.8,0.7,66.7,37.5,30.8,0.7,
749485,Ben Morris,Detroit City FC,540855,Eastern,attackers,"ST,CAM",9,27,1999-07-06,England,175,69870,,15,115|85,518,6.3,1,1,0.17,2.8,0.7,12.5,1,3,0.7,0.5,2,,1,0.2,0.5,0.3,,1.9,0.2,,0.7,,,,,,,0,0,72.7,0.5,44.4,75,6.3,1.2,
1060350,Jeciel Cedeño,Detroit City FC,540855,Eastern,attackers,"RW,CAM,RM",10,26,2000-03-04,Ecuador,173,61751,,14,83|85|72,949,6.59,,,,1.5,0.2,23.3,2,16,1.2,0.3,,,1.3,0.3,0.4,0.7,,3.1,0.1,,0.8,,,,,,,0,,79.1,1.5,65,27.3,0,2.3,
1457710,Alexander Dalou,Detroit City FC,540855,Eastern,attackers,"RW,LW,RM,ST",15,26,2000-08-24,USA,173,63819,,17,83|87|72|115,499,,,1,,2,0.5,24.9,1,10,0.9,2.2,2,,1.8,0.9,0.4,0.5,,5.6,0.7,,2,2,,,,,,,,78.4,1.8,38.5,60,0,3.2,
1057344,Rafa Mentzingen,Detroit City FC,540855,Eastern,attackers,"RW,RB",17,30,1996-05-02,Brazil,175,50000,,8,82|32,350,,1,1,,,,,1,4,,,,,,,,,,,,,,,,,,,,,0,,1,,,,,
1042922,Preston Tabort Etaka,Detroit City FC,540855,Eastern,attackers,RW,18,28,1998-06-10,Cameroon,178,,,9,103,307,,,2,,,,,3,6,,,2,,,,,,,,,,,,,,,,,,,,1.8,,,,,
1959674,Cheikhou Niang,Detroit City FC,540855,Eastern,attackers,ST,19,19,2007-04-20,Senegal,,,,3,105,81,,,,,,,,,1,,,,,,,,,,,,,,,,,,,,,,,1.1,,,,,
1083799,Kian Williams,Detroit City FC,540855,Eastern,attackers,"LW,RW",23,26,2000-07-01,England,183,,,11,88|103,269,,1,,,,,,,2,,,,,,,,,,,,,,3,,,,,,,0,,0.7,,,,,
799488,Chisom Egbuchulam,Detroit City FC,540855,Eastern,attackers,ST,26,34,1992-02-22,Nigeria,173,65600,,12,115,353,,2,,,,,,,3,,,3,,,,,,,,,1,,1,,,,,,,0,,0.8,,,,,
1042558,Ates Diouf,Detroit City FC,540855,Eastern,attackers,"LW,ST,LM",32,26,2000-03-24,Senegal,180,174171,,22,87|106|78,1756,6.91,2,2,0.1,2.7,0.8,12.1,1,21,0.2,0.9,4,,3.3,1,0.8,1.4,0.1,3.3,0.8,,1.9,7,,,,,,1,0,71.8,1.1,17.6,32.7,3.9,1.6,
1918809,Enzo Balsini de Gracia E Carvalho,Hartford Athletic,1003206,Eastern,keepers,GK,1,24,2002-06-12,Brazil,196,,,2,11,180,,,,,,,,,,,,,,,,,,,,,,,,,,,,,,,,,,,,,
1175236,Antony Siaha,Hartford Athletic,1003206,Eastern,keepers,GK,77,28,1998-04-27,USA,198,50000,,24,11,2160,7.35,,,,,,13.7,,,,0,,,0.4,,,0.4,,9.5,,,,2,,9,78.6,3.7,1,5,,67.1,,,100,,,
889478,Matt Real,Hartford Athletic,1003206,Eastern,defenders,"LB,LW,LWB",3,27,1999-07-10,USA,183,51710,,10,38|88|59,734,,,2,,,,,1,10,,,,,,,,,,,,,,,,,,,,,,,1.2,,,,,
888046,Jordan Scarlett,Hartford Athletic,1003206,Eastern,defenders,CB,4,31,1995-07-08,Jamaica,183,50000,,25,35,2160,6.96,3,,0.13,0.7,0.3,28,1,6,3.3,,5,,8.5,0.9,0.7,5.9,1,2.5,,,1,6,,,,,,0,0,81.8,0.3,40.3,,17.7,,
502403,Adrián Diz,Hartford Athletic,1003206,Eastern,defenders,"CB,RB",15,32,1994-03-04,Cuba,193,50000,,22,33|32,1741,7.4,1,1,0.05,0.6,0.1,36.8,3,14,7.5,0.7,,,10.9,1.7,1.9,6.9,0.5,4.6,0.1,,2,8,,,,,,1,0,71.6,0.7,42.5,100,8.3,2,
1724681,TJ Presthus,Hartford Athletic,1003206,Eastern,defenders,"CB,RB,LW",22,23,2003-02-13,USA,183,82059,,17,37|32|88,1067,6.93,,,,1.7,0.8,21.9,3,6,3,0.6,4,,7.5,1.6,1.1,4.2,0.6,2.3,0.1,,0.4,1,,,,,,0,,70.3,0.5,37.6,70,0,0.8,
1341110,Arturo Ordóñez,Hartford Athletic,1003206,Eastern,defenders,CB,23,29,1997-05-22,Spain,191,90264,,16,36,1090,6.63,,1,,0.5,0.2,45.2,,4,2.8,,1,,7.6,0.7,1.2,4.5,1.2,3.3,,2,1.2,3,,,,,,0,,86.4,0.3,38.6,,0,,
1398374,Britton Fischer,Hartford Athletic,1003206,Eastern,defenders,"CB,LB",25,22,2004-02-25,USA,193,391310,,24,37|38,1998,6.84,,,,0.4,0.1,30.8,,8,3.2,0.2,1,,8.9,1,1,5.9,0.9,2.8,0.1,2,0.6,2,1,,,,,0,,76.8,0.4,39.2,80,0,1.2,
1037271,Sebastian Anderson,Hartford Athletic,1003206,Eastern,midfielders,"CAM,RWB,RW",2,24,2002-08-08,USA,175,107986,,20,86|51|82,1594,7.36,1,6,0.06,0.9,0.2,29.6,14,42,1.9,0.4,,,5.1,1.9,1.3,1.5,0.4,3.3,0.5,,1.3,3,,,,,,3,0,78.3,2.4,39.1,53.8,6.3,1.2,
1170740,Baboucarr Njie,Hartford Athletic,1003206,Eastern,midfielders,"LB,LWB,LM,CB",5,31,1995-06-05,Gambia,185,50000,,16,38|68|78|34,803,6.62,,,,0.8,,24.1,,4,3.7,1.2,1,,6.2,1,1.9,2.6,0.7,4.5,,,1.6,3,,,,,,0,,72.9,0.4,39.8,55,0,,
1141408,Beverly Makangila,Hartford Athletic,1003206,Eastern,midfielders,"CDM,CM",6,26,2000-04-11,Congo DR,180,63411,,18,65|75,1448,6.58,,,,0.2,0.1,24.9,,5,1.6,0.2,,,4.1,1.3,0.9,1.7,0.2,4,0.1,,1.9,7,1,,,,,0,,83.3,0.3,43.1,100,0,2.7,
1346115,Junior Moreira,Hartford Athletic,1003206,Eastern,midfielders,"RW,CAM,CDM,CM",8,23,2003-03-26,Guinea-Bissau,175,87212,,23,82|84|65|77,1919,6.84,,1,,0.4,0,22.5,,8,2.2,0.5,1,,4.4,1.4,1.3,1.4,0.3,4.4,0.4,,0.8,2,1,,,,,0,,76.3,0.4,48,45.5,0,2.4,
1336818,Samuel Careaga,Hartford Athletic,1003206,Eastern,midfielders,"CAM,CM,CDM",10,24,2002-06-09,Argentina,178,80719,,6,84|76|66,384,,1,1,,,,,2,8,,,1,,,,,,,,,1,,,1,,,,,,0,,1.9,,,,,
1072821,Barry Coffey,Hartford Athletic,1003206,Eastern,midfielders,"CAM,CM,RW",16,25,2001-03-27,Republic of Ireland,180,101998,,22,84|73|82,1480,7.03,6,1,0.36,2.7,1.1,12,4,21,1.2,0.2,10,1,2.8,0.8,0.6,1,0.4,3.2,0.4,,1.2,3,,,,,,3,0,64,1.3,33.9,25,13.6,1.9,1.3
680789,Christos Hadjipaschalis,Hartford Athletic,1003206,Eastern,midfielders,CDM,18,27,1999-08-01,Cyprus,181,82233,,10,64,414,,,,,,,,1,1,,,,1,,,,,,,,,,1,,,,,,,,,0.2,,,,,1.7
848653,Ben Mines,Hartford Athletic,1003206,Eastern,midfielders,"RW,RM",21,26,2000-05-13,USA,175,120117,,16,83|72,532,6.67,,3,,0.7,0.2,15.7,3,7,0.7,1.2,1,1,2.9,1.5,0.3,0.8,0.2,3.7,0.5,,1,2,,,,,,0,,69.9,1.2,26.7,58.3,0,1.9,4.6
1933135,Galen Flynn,Hartford Athletic,1003206,Eastern,midfielders,"CAM,RW",24,25,2001-09-24,USA,183,,,8,86|83,413,,,,,,,,1,5,,,,,,,,,,,,,,1,,,,,,,,,1.1,,,,,
2189245,Sean Canada,Hartford Athletic,1003206,Eastern,midfielders,CDM,33,18,2007-10-17,USA,183,,,1,66,45,,,,,,,,,,,,,,,,,,,,,,,,,,,,,,,,,,,,,
2189244,Oscar Pearman,Hartford Athletic,1003206,Eastern,midfielders,CDM,47,18,2008-02-02,England,175,,,2,67,180,,,,,,,,,,,,,,,,,,,,,,,,,,,,,,,,,,,,,
1520743,Michael Adedokun,Hartford Athletic,1003206,Eastern,attackers,"RW,LW",7,25,2001-05-27,Nigeria,173,84292,,17,83|87,859,6.48,1,1,0.1,2.4,0.7,19,,8,2.2,1.3,1,,1.7,0.6,0.4,0.6,,4.8,0.4,,1.6,2,,,,,,0,0,70.2,0.8,48.8,34.3,4.4,3,
791668,Augustine Williams,Hartford Athletic,1003206,Eastern,attackers,ST,9,29,1997-08-03,Sierra Leone,188,99044,,24,104,1640,6.63,4,,0.22,2.2,0.7,9.2,3,10,0.2,0.9,6,,1.8,0.9,0.3,0.6,0.1,2.4,0.5,,1.8,1,,,,,,0,2,70.3,0.5,80,70.8,10,1.3,
941144,Michee Ngalina,Hartford Athletic,1003206,Eastern,attackers,"ST,CAM,LM,LW",11,26,2000-04-06,Congo DR,180,84931,,19,106|86|78|88,1376,7.07,5,4,0.33,2.8,1.4,11.4,6,17,,1.8,10,1,1.1,0.5,0.3,0.3,0.1,2.9,0.6,,0.8,3,,,,,,1,4,74.8,1.1,,50.9,11.6,1.5,1.3
1399546,Sadat Anaku,Hartford Athletic,1003206,Eastern,attackers,ST,17,25,2000-12-09,Uganda,183,109908,,21,104,933,6.63,2,1,0.19,3.4,0.9,8.2,3,16,0.1,1.2,4,1,3.1,1.8,0.9,0.4,,4.6,1.3,1,2.9,2,,,,,,1,0,63.4,1.5,33.3,66.7,5.7,2.3,0.9
1230428,Emmanuel Samadia,Hartford Athletic,1003206,Eastern,attackers,"LW,LWB,CM",19,25,2001-04-19,Sierra Leone,170,98809,,14,88|68|73,955,6.92,1,,0.09,0.6,0.2,24.3,2,22,2.2,0.5,,,3.1,0.8,0.7,1.6,,5.3,0.7,,0.8,,,,,,,0,0,76.3,2.1,39,35.7,16.7,2.1,
1732545,Spencer Gordon,Hartford Athletic,1003206,Eastern,attackers,ST,27,20,2006-09-27,USA,183,,,3,115,137,,,,,,,,,,,,,,,,,,,,,,,,,,,,,,,,,,,,,
1946325,Abdullah Taofeek,Hartford Athletic,1003206,Eastern,attackers,ST,29,18,2008-02-15,Nigeria,185,,,9,106,428,,,,,,,,1,2,,,1,,,,,,,,,,,3,,,,,,,,,0.4,,,,,
1724684,Adewale Obalola,Hartford Athletic,1003206,Eastern,attackers,"ST,CAM",81,21,2004-12-05,Nigeria,175,128093,,13,104|84,441,,1,,0.2,1.2,0.6,9.4,1,1,0.2,0.2,1,1,3.1,1.2,0.8,1,,2.2,,,4.9,1,,,,,,,0,67.6,0.2,11.1,14.3,16.7,,2
1348321,Nico Campuzano,Pittsburgh Riverhounds SC,267816,Eastern,keepers,GK,1,28,1998-01-29,Spain,188,60000,,26,11,2340,6.92,,,,,,9.1,,1,,,,,1.9,,,1.9,,9.2,,,,1,,9,70.2,2.3,1,3,,39.9,0,,,,,
1171004,Mitchell Budler,Pittsburgh Riverhounds SC,267816,Eastern,keepers,GK,20,23,2003-01-03,USA,191,,,,,,,,,,,,,,,,,,,,,,,,,,,,,,,,,,,,,,,,,,
1780451,Mike Sheridan,Pittsburgh Riverhounds SC,267816,Eastern,keepers,GK,24,25,2001-08-24,USA,183,,,1,11,90,,,,,,,,,,,,,,,,,,,,,,,,,,,,,,,,,,,,,
1724749,Perrin Barnes,Pittsburgh Riverhounds SC,267816,Eastern,defenders,"RB,RWB",3,25,2001-03-10,USA,180,100659,,23,32|62,1688,6.95,,4,,0.1,0.1,26.9,5,8,1.3,0.3,1,1,6.8,1.7,1.7,3.2,0.3,3,0.1,,0.4,1,,,,,,0,,78.2,0.4,35.2,42.9,0,1.4,1.3
1919811,Lasse Kelp,Pittsburgh Riverhounds SC,267816,Eastern,defenders,"LB,CB",4,23,2003-02-11,Germany,,100641,,16,38|37,1363,7.43,1,,0.07,0.3,0.1,34.3,,7,3,0.5,,,9.5,2.8,2.1,4.3,0.3,4.9,0.1,,1,1,,,,,,2,0,72.6,0.5,32.1,58.3,20,1.9,
1500406,Victor Souza,Pittsburgh Riverhounds SC,267816,Eastern,defenders,CB,5,25,2001-04-06,USA,188,,,26,34,2213,6.91,1,,0.04,0.3,0.1,39.7,2,6,2.4,0.1,1,,8.7,1.6,0.6,5.7,0.9,3.2,0,1,1.3,5,,,,,,0,0,82,0.2,36,50,12.5,1.1,
1919812,Owen Mikoy,Pittsburgh Riverhounds SC,267816,Eastern,defenders,CB,6,24,2001-11-11,USA,196,,,24,36,2160,7.04,,,,0.3,,29.2,1,6,1.7,0.1,1,,9.3,1.2,1.3,6,0.7,3.1,,,0.8,5,,,,,,1,,79.9,0.3,31.1,100,0,,
1649306,Beto Ydrach,Pittsburgh Riverhounds SC,267816,Eastern,defenders,"CB,LB",16,25,2001-05-25,Puerto Rico,178,79505,,8,33|38,629,,,,,,,,,3,,,,,,,,,,,,,,,,,,,,,,,0.4,,,,,
1751990,Guillaume Vacter,Pittsburgh Riverhounds SC,267816,Eastern,defenders,CB,23,26,2000-07-13,France,180,62575,,7,37,295,,,,,,,,,1,,,,,,,,,,,,,,,,,,,,,,,0.3,,,,,
1460328,Illal Osumanu,Pittsburgh Riverhounds SC,267816,Eastern,defenders,"CB,LB",28,30,1996-08-20,Ghana,185,121122,,11,33|38,368,,,,,,,,,,,,,,,,,,,,,,,,,,,,,,,,,,,,,
1169433,Danny Griffin,Pittsburgh Riverhounds SC,267816,Eastern,midfielders,"CDM,CM,CAM,RB",2,28,1998-07-14,USA,175,122599,,25,66|76|85|32,2105,7.01,1,1,0.04,0.9,0.2,38.1,1,12,1.5,0.5,2,,4.5,1.4,1.2,1.6,0.3,4.2,0,,1,1,,,,,,0,0,80.5,0.5,35.8,80,5,2.8,
820312,Junior Etou,Pittsburgh Riverhounds SC,267816,Eastern,midfielders,"LWB,LM,LB",8,32,1994-06-01,Congo,178,50000,,24,68|78|38,649,6.45,,,,0.3,,22.3,,4,1.1,0.6,,,5.7,1.9,1.1,2.2,0.4,4,0.3,,1.4,1,,,,,,0,,70.9,0.6,30.8,36.4,0,2.6,
1724751,Charles Ahl,Pittsburgh Riverhounds SC,267816,Eastern,midfielders,"CAM,LM,RM,RW,LW",10,23,2002-10-15,USA,175,103165,,26,84|78|72|103|87,1716,6.82,1,4,0.05,1.2,0.6,25.8,5,22,0.9,0.5,2,,2.5,1.3,0.6,0.6,,3.7,1.1,1,1,3,,,,,,1,0,78.9,1.2,41.9,40,4.4,1.7,
1919814,Max Viera,Pittsburgh Riverhounds SC,267816,Eastern,midfielders,"RB,RWB,LWB,LM,ST,RM",13,22,2004-09-07,USA,175,98707,,18,32|62|68|78|106|72,939,6.51,,1,,0.3,0.1,26.8,1,12,1.2,0.3,,,3.5,1.6,1,0.7,0.2,3.5,0.2,,1.1,,,,,,,1,,77.8,1.2,29.3,30,0,1.2,
1060363,Robbie Mertz,Pittsburgh Riverhounds SC,267816,Eastern,midfielders,"CM,CAM,RW,RM,LM",14,29,1996-12-04,USA,170,72000,,26,74|86|83|72|78,1848,6.81,1,1,0.05,0.5,0.1,36.6,3,21,1.5,0.4,,,3.4,0.9,0.8,1.3,0.4,4.4,0.4,,1.1,3,,,,,,0,0,85.9,1,48.4,47.4,10,2.8,
1615769,Bradley Sample,Pittsburgh Riverhounds SC,267816,Eastern,midfielders,"CDM,CM",15,25,2000-11-12,USA,185,166108,,7,64|74,410,,1,,,,,,,,,,,,,,,,,,,,,,,,,,,,0,,,,,,,
1724750,Jorge Garcia,Pittsburgh Riverhounds SC,267816,Eastern,midfielders,CAM,18,25,2001-09-18,USA,178,50000,,4,85,25,,,,,,,,,,,,,,,,,,,,,,,,,,,,,,,,,,,,,
1710552,Sam Bassett,Pittsburgh Riverhounds SC,267816,Eastern,midfielders,"ST,CM,CAM,CDM,LM",19,23,2003-04-13,USA,183,235953,,23,106|74|86|66|78,1608,6.96,6,1,0.34,1.2,0.4,28.8,3,25,0.7,0.4,1,,2.1,1.2,0.4,0.4,0.1,3.4,0.6,,1,,,,,,,1,0,82.4,1.4,31.6,40,27.3,2,
1626995,Yu Tsukanome,Pittsburgh Riverhounds SC,267816,Eastern,midfielders,"CAM,ST",36,25,2000-12-21,Japan,175,,,11,85|106,371,,,,,,,,,2,,,,,,,,,,,,,,1,,,,,,,,,0.5,,,,,
962320,Eliot Goldthorp,Pittsburgh Riverhounds SC,267816,Eastern,midfielders,"RM,LW,RW,LM",37,24,2001-11-03,England,183,117459,,24,72|87|83|78,1533,6.57,2,1,0.12,2.7,1.1,16,3,17,0.8,0.9,4,,2,1.3,0.2,0.5,0.1,3.6,0.6,,2,4,,,,,,1,0,65.9,1,28.6,35.7,4.4,1.8,
1502991,Jackson Wälti,Pittsburgh Riverhounds SC,267816,Eastern,midfielders,"CM,CDM",42,26,1999-12-07,USA,178,83100,,24,76|65,1537,6.7,,2,,0.4,0.1,37.7,,11,2,0.6,1,,4.9,2.2,0.8,1.5,0.4,4,0.2,,1.3,6,,,,,,0,,82.2,0.6,37.2,64.7,0,2.7,
1367350,Trevor Amann,Pittsburgh Riverhounds SC,267816,Eastern,attackers,ST,7,28,1998-05-03,USA,185,60620,,25,104,1127,6.47,7,1,0.56,2.4,0.9,7.8,2,9,,0.2,1,1,1.4,1,0.1,0.3,,1.7,0.2,,2.6,4,,,,,,2,1,50.3,0.7,,16.7,23.3,1.3,1.8
839198,Albert Dikwa,Pittsburgh Riverhounds SC,267816,Eastern,attackers,ST,9,28,1998-01-02,Cameroon,185,78028,,22,104,1664,6.63,6,2,0.32,2.1,0.8,11,3,9,0.3,0.3,11,,1.7,0.4,0.5,0.7,0.1,2.1,0.6,,1.6,3,1,,,,,3,2,68.9,0.5,45.5,40,15.4,1.1,
1919816,Aldair Flowers,Pittsburgh Riverhounds SC,267816,Eastern,attackers,RM,27,19,2007-08-24,USA,183,,,,,,,,,,,,,,,,,,,,,,,,,,,,,,,,,,,,,,,,,,
1252620,Hugo Fauroux,Louisville City FC,614316,Eastern,keepers,GK,1,30,1996-08-23,France,188,57429,,10,11,900,,,,,,,,,,,,,,,,,,,,,,,,,2,,,,,,,,,,,,
1192554,Danny Faundez,Louisville City FC,614316,Eastern,keepers,GK,12,33,1993-02-02,USA,185,50000,,11,11,969,,,,,,,,,,,,,,,,,,,,,,,,,3,,,,,,,,,,,,
1642172,Ryan Schewe,Louisville City FC,614316,Eastern,keepers,GK,29,24,2002-03-08,USA,193,,,4,11,291,,,,,,,,,,,,,,,,,,,,,1,,,,,,,,,,,,,,,,
1652403,Ryan Troutman,Louisville City FC,614316,Eastern,keepers,GK,30,26,2000-05-15,USA,188,50000,,2,11,180,,,,,,,,,,,,,,,,,,,,,,,,,,,,,,,,,,,,,
2297260,Collin Haus,Louisville City FC,614316,Eastern,keepers,,91,18,2008-06-17,USA,191,,,,,,,,,,,,,,,,,,,,,,,,,,,,,,,,,,,,,,,,,,
681621,Sean Totsch,Louisville City FC,614316,Eastern,defenders,CB,4,35,1991-09-16,USA,185,50000,,22,33,1749,6.87,1,1,0.05,0.7,0.2,43.5,2,8,4.4,0.2,,,7.2,1.5,1.3,3.9,0.6,3.7,0.2,,1.5,5,,,,,,3,1,79.1,0.4,45,50,7.7,1.7,
1678153,Brandon Dayes,Louisville City FC,614316,Eastern,defenders,CB,5,17,2008-12-17,USA,183,686119,,16,35,1303,7.01,1,,0.07,0.6,0.1,45.7,,2,2.3,0.2,2,,8.7,1.6,1.2,5.5,0.4,3.9,0.1,1,0.3,3,,,,,,0,0,87,0.1,42.5,37.5,12.5,1.9,
1252865,Carlos Moguel,Louisville City FC,614316,Eastern,defenders,CB,16,23,2003-06-21,USA,170,54022,,9,33,343,,,,,,,,1,3,,,1,,,,,,,,,,,1,,,,,,,,,0.8,,,,,
1516711,Josh Jones,Louisville City FC,614316,Eastern,defenders,CB,24,23,2002-11-19,USA,196,,,4,35,213,,,,,,,,,,,,1,,,,,,,,,,,,,,,,,,,,,,,,,
1072318,Kyle Adams,Louisville City FC,614316,Eastern,defenders,CB,32,29,1996-11-20,New Zealand,185,50000,,23,37,2046,6.89,2,,0.09,0.3,0.1,45.8,,9,4.2,0.1,,,5.9,0.9,1.1,3.4,0.4,3.4,0,,0.8,5,,,,,,1,0,81.3,0.4,46.6,75,28.6,1.6,
1250356,Aiden McFadden,Louisville City FC,614316,Eastern,midfielders,"CB,RWB,RM,LWB,LM",2,28,1998-09-28,USA,178,50000,,18,33|62|72|68|78,1396,7.09,2,1,0.13,1,0.4,32.4,4,19,2.4,0.4,,,5.4,1.2,0.8,3.3,0.1,2.8,0.4,1,1.1,5,,,,,,0,0,80,1.2,49.3,37.5,12.5,1,
1338761,Jake Morris,Louisville City FC,614316,Eastern,midfielders,"LWB,LM",3,27,1999-03-03,USA,188,105265,,20,68|78,1383,6.93,4,1,0.26,1.9,0.7,24.1,1,12,1.9,0.8,2,,4.8,1.5,0.3,2.7,0.3,4.4,0.8,,1,1,,,,,,0,0,78.2,0.8,52.7,36.1,13.8,1.7,
1030785,Zach Duncan,Louisville City FC,614316,Eastern,midfielders,"CM,CDM",6,26,2000-05-31,Australia,183,66939,,20,76|64,1182,6.86,2,1,0.15,2.1,0.5,30.9,2,9,2.1,0.8,2,,4.1,1.8,1.6,0.6,0.2,4.7,0.6,,2.2,4,,,,,,1,0,77.3,0.7,48.2,62.5,7.4,3,
1083224,Ray Serrano,Louisville City FC,614316,Eastern,midfielders,"LW,CAM,LM",7,24,2002-05-09,USA,170,74164,,23,107|86|78,1358,7.07,5,4,0.33,2.8,0.9,23.9,4,24,2.3,0.7,7,,1.7,0.6,0.5,0.6,0.1,3.5,0.9,,0.5,1,,,,,,1,0,78.6,1.6,64.2,45.5,11.6,2.2,
1251788,Taylor Davila,Louisville City FC,614316,Eastern,midfielders,"CM,CDM",8,26,2000-08-04,USA,183,147224,,25,74|64,2091,7.47,,9,,1.6,0.4,45.3,13,62,3.9,0.8,,,3.3,2.2,0.3,0.8,0.1,6.2,0.6,,0.9,2,,,,,,1,,81.3,2.7,48.6,54.5,0,3.9,
621932,Amadou Dia,Louisville City FC,614316,Eastern,midfielders,"LM,CB,LWB",13,33,1993-06-08,USA,177,50000,,19,78|37|68,948,6.39,,,,0.5,0.3,25.3,,8,1.8,0.1,1,,5.1,0.7,1,2.8,0.7,3.2,0.2,,1.2,3,,,,,,0,,78.2,0.8,42.2,100,0,1.2,
1018588,Manny Perez,Louisville City FC,614316,Eastern,midfielders,"RWB,RM",15,27,1999-02-19,USA,183,50000,,22,51|72,1222,6.89,1,1,0.07,1.3,0.6,23.9,4,16,0.8,1.2,1,,5.1,1.9,0.3,2.8,0.1,4.5,0.5,,1.3,2,,,,,,0,0,79.5,1.2,34.4,61.5,5.6,2.2,
1780447,Babacar Niang,Louisville City FC,614316,Eastern,midfielders,"CDM,CM,CB",19,24,2001-10-23,Senegal,180,79552,,10,66|76|35,295,,1,,,,,,,3,,,1,,,,,,,,,1,,3,,,,,,,0,,0.9,,,,,
1035619,Sam Gleadle,Louisville City FC,614316,Eastern,midfielders,"RM,RWB",23,30,1996-03-20,England,178,50000,,14,72|62,553,,,,,0.7,,23.6,1,8,0.2,0.3,1,,5.4,2,1.1,2.3,,2.8,,,1.3,,,,,,,,,75.5,1.3,11.1,25,0,,
1615825,Jansen Wilson,Louisville City FC,614316,Eastern,midfielders,"LW,CAM,RM,LM,RWB,RW",25,25,2001-06-14,USA,180,80651,,24,107|86|72|78|62|103,1454,7.08,7,2,0.43,3.3,1.2,20.6,8,32,0.6,0.6,2,,2.2,1.1,0.3,0.7,0.1,3.6,0.4,,0.7,2,,,,,,2,1,76.5,2,32.1,34.6,13.2,2.2,
1166263,Cameron Duke,Louisville City FC,614316,Eastern,midfielders,LWB,28,25,2001-02-13,USA,170,78466,,2,68,47,,,,,,,,,1,,,,,,,,,,,,,,,,,,,,,,,1.9,,,,,
822741,Kevon Lambert,Louisville City FC,614316,Eastern,midfielders,"CM,CDM,CB",31,29,1997-03-22,Jamaica,193,50000,,10,74|66|35,730,,2,,,,,,,10,,,,,,,,,,,,,,,,,,,,,0,,1.2,,,,,
1346897,Chris Donovan,Louisville City FC,614316,Eastern,attackers,ST,9,26,2000-08-08,USA,188,156192,,26,105,1840,6.91,7,4,0.34,2.3,1,12.3,3,20,0,0.5,15,1,1,0.5,0.1,0.4,,1.5,0.5,,1,3,,,,,,0,0,67.4,1,50,33.3,14.9,0.7,0.9
1448115,Tola Showunmi,Louisville City FC,614316,Eastern,attackers,ST,14,26,2000-07-03,England,193,155928,,24,105,761,6.25,2,1,0.24,3.2,1.1,10.3,2,10,0.6,0.6,8,,1.1,0.4,,0.5,0.2,3,0.9,,3.4,1,,,,,,0,0,62.1,1.2,71.4,22.7,7.4,1.7,
1615750,Quenzi Huerman,Louisville City FC,614316,Eastern,attackers,"RW,CAM,RM",21,25,2001-07-21,France,185,166903,,16,103|84|72,572,,1,5,0.16,3.6,1.1,20.6,4,13,1.3,0.6,2,,2.7,0.9,0.6,0.6,0.5,3.1,0.2,,3.6,2,,,,,,,1,76.2,2,66.7,66.7,4.4,1.9,
1623834,Evan Davila,Louisville City FC,614316,Eastern,attackers,"RW,CM",27,24,2002-02-07,USA,175,97377,,22,103|76,1014,6.87,1,1,0.09,1.7,0.4,27.9,3,18,1.2,0.4,,,3.8,1.8,1.2,0.9,,5.6,1.1,,2,4,,,,,,0,0,82.2,1.6,48.3,44.4,5.3,3.4,
973779,Mukwelle Akale,Louisville City FC,614316,Eastern,attackers,"RW,CAM,RM",47,29,1997-01-18,USA,163,96115,,18,103|84|72,900,6.96,3,,0.3,1.6,0.9,25.2,,17,1.1,1.1,,,1.4,0.9,0.2,0.2,0.1,3.7,0.6,,0.9,,,,,,,0,0,82.1,1.7,64.7,47.8,18.8,1.9,
2110953,Cooper Conley,Louisville City FC,614316,Eastern,attackers,,99,19,2007-06-29,USA,193,,,,,,,,,,,,,,,,,,,,,,,,,,,,,,,,,,,,,,,,,,
924432,Eric Dick,Indy Eleven,514649,Eastern,keepers,GK,1,31,1994-10-03,USA,196,50000,,24,11,2160,6.83,,,,,,11.4,,,,,,,0.6,,,0.6,,10.2,0,,,,,4,71.3,3,1.2,1,,59.3,,,,,0,
463910,Reice Charles-Cook,Indy Eleven,514649,Eastern,keepers,GK,23,32,1994-04-08,Grenada,185,50000,,1,11,90,,,,,,,,,,,,,,,,,,,,,,,,,,,,,,,,,,,,,
1724699,Ryan Hunsucker,Indy Eleven,514649,Eastern,keepers,,44,19,2007-07-29,USA,191,,,,,,,,,,,,,,,,,,,,,,,,,,,,,,,,,,,,,,,,,,
516000,Hayden White,Indy Eleven,514649,Eastern,defenders,RB,2,31,1995-04-15,England,185,50000,,6,32,495,,,,,,,,,2,,,,,,,,,,,,,,,,,,,,,,,0.4,,,,,
1261592,Patrick Hogan,Indy Eleven,514649,Eastern,defenders,CB,3,29,1997-09-17,USA,193,50000,,,,,,,,,,,,,,,,,,,,,,,,,,,,,,,,,,,,,,,,,
1347962,Anthony Herbert,Indy Eleven,514649,Eastern,defenders,CB,4,28,1998-04-18,Trinidad and Tobago,193,50000,,17,34,1456,7.16,1,2,0.06,0.6,0.2,22.3,3,9,3.6,0.2,2,,9.3,1.2,0.9,6.2,0.9,3.3,,1,0.9,5,,,,,,0,0,69.6,0.6,35.1,66.7,11.1,,
1256231,Joe Hafferty,Indy Eleven,514649,Eastern,defenders,"LB,RB,CB",13,28,1998-03-21,USA,178,50000,,22,38|32|33,1287,6.74,1,,0.07,0.6,0.2,29.9,,6,1.1,0.9,,,7.1,3.1,0.9,2.7,0.3,3.7,0.3,,0.9,3,,,,,,0,0,82.9,0.4,32.7,59.1,11.1,1.4,
639374,Aodhan Quinn,Indy Eleven,514649,Eastern,defenders,"LB,CM,LWB,LW,LM",14,34,1992-03-22,USA,183,50000,,23,38|76|68|87|78,1965,7.14,,4,,0.7,0.2,28.7,6,45,3.1,0.3,,,4.5,1.5,0.6,1.9,0.6,3.6,0.3,,0.9,4,,,,,,2,,72.8,2.1,39.5,60,0,1.8,
1793931,Makel Rasheed,Indy Eleven,514649,Eastern,defenders,CB,21,25,2001-05-14,USA,193,70206,,19,34,968,6.73,,2,,0.5,,24.2,3,6,3.8,0.2,,,9,1.1,0.9,6.1,0.8,2.4,0.2,,0.9,1,,,,,,1,,68.6,0.6,42.3,100,0,0.7,
1044783,Alejandro Mitrano,Indy Eleven,514649,Eastern,defenders,LB,29,28,1998-04-04,USA,180,50000,,17,38,933,6.55,,,,0.4,0.1,21.2,,5,2,0.7,,,5.5,1.4,0.8,3.2,0.2,2.6,0.3,,1.1,3,,,,,,0,,74.3,0.5,35.6,53.8,0,0.8,
1244947,Nabilai Kibunguchy,Indy Eleven,514649,Eastern,defenders,"CB,RB",36,28,1998-01-05,Kenya,191,50000,,9,36|32,529,,,,,,,,1,4,,,1,,,,,,,,,,,2,,,,,,,,,0.7,,,,,
783608,Paco Craig,Indy Eleven,514649,Eastern,defenders,CB,37,33,1992-10-19,England,188,50000,,21,36,1795,6.7,,,,0.8,0.3,24.2,1,4,2.3,0.1,5,,7.8,0.5,0.9,6.1,0.4,2.6,,1,1.2,3,,,,,,0,,77,0.2,35.4,33.3,0,,
1627007,Hesron Barry,Indy Eleven,514649,Eastern,defenders,"CB,LB",39,26,2000-01-08,Jamaica,185,60567,,14,36|38,368,,,,,,,27.9,,,2.4,0.2,,,6.8,0.7,0.7,3.4,2,4.2,,,1.5,1,,,,,,,,81.4,,35.7,33.3,,,
1393400,Josh O'Brien,Indy Eleven,514649,Eastern,midfielders,"CAM,RM,CM,CDM",5,23,2003-02-07,Republic of Ireland,193,99450,,24,84|72|73|64,2059,6.92,4,2,0.17,1.7,0.6,15.1,1,16,0.7,0.4,6,,3.5,1.6,0.5,1.3,0,2.8,0.1,,0.8,,,,,,,1,0,73,0.7,35.4,50,10,1.4,
924497,Cam Lindley,Indy Eleven,514649,Eastern,midfielders,"CDM,CM",6,29,1997-07-18,USA,175,50000,,24,65|74,2124,7.1,,2,,0.3,0.1,40.4,7,41,5.7,0.2,,,3.9,1.4,1,1.3,0.2,3.6,0,,0.6,4,,,,,,0,,80.5,1.7,48.9,57.1,0,2,
421766,Jack Blake,Indy Eleven,514649,Eastern,midfielders,"CAM,LM,CM,CDM",8,32,1994-09-22,Scotland,180,50000,,21,86|78|77|66,1766,7.36,6,4,0.31,2.9,0.9,30.8,6,26,3,0.5,1,,3,1.9,0.5,0.3,0.3,4.7,0.4,,1.9,2,,,,,,4,1,78.8,1.3,55.2,27.3,10.5,2.8,
1615692,Mohamed Omar,Indy Eleven,514649,Eastern,midfielders,"CDM,CM",22,27,1999-01-22,Somalia,191,58535,,12,66|76,424,,,,,,,,,5,,,,,,,,,,,,,,,,,,,,,,,1.1,,,,,
1637791,Charlie Sharp,Indy Eleven,514649,Eastern,attackers,ST,9,25,2001-06-23,USA,195,60316,,9,105,335,,,,,,,,,5,,,7,,,,,,,,,,,,1,,,,,,,,1.3,,,,,
1606022,Malik Henry-Scott,Indy Eleven,514649,Eastern,attackers,ST,15,24,2001-11-28,USA,178,72973,,16,104,425,,2,,0.42,2.8,1.9,10.4,2,8,,0.4,3,,1.7,0.8,0.8,,,2.1,0.8,,2.5,2,,,,,,,0,75.4,1.7,,28.6,15.4,0.4,
1246572,Edward Kizza,Indy Eleven,514649,Eastern,attackers,ST,19,27,1998-12-17,Uganda,175,62295,,20,115,886,6.64,3,2,0.3,2.2,1.1,14.9,1,13,0.5,0.8,4,,2.1,1,0.2,0.8,0.1,2.8,0.6,,0.9,,,,,,,1,0,79.9,1.3,62.5,42.1,13.6,1.6,
1641223,Dylan Sing,Indy Eleven,514649,Eastern,attackers,ST,20,25,2000-10-18,USA,191,182121,,12,115,331,,3,,,,,,1,4,,,1,,,,,,,,,,,,,,,,,,0,,1.1,,,,,
1349934,Bruno Rendón,Indy Eleven,514649,Eastern,attackers,"RW,ST",27,26,2000-05-07,Cuba,188,,,24,82|104,1974,7.12,9,3,0.41,2.8,1.2,11.1,8,34,0.2,0.6,3,,2.1,1.1,0.3,0.5,0.1,2.1,0.7,,2,4,,,,,,1,0,59,1.6,16.7,32.6,14.8,0.8,
2009299,Tyler Lowden,Indy Eleven,514649,Eastern,attackers,,70,15,2010-10-30,USA,185,,,,,,,,,,,,,,,,,,,,,,,,,,,,,,,,,,,,,,,,,,
1349074,Loïc Mesanvi,Indy Eleven,514649,Eastern,attackers,"LW,RM,ST",90,22,2003-10-06,Togo,173,110477,,24,88|71|106,1251,6.47,1,,0.07,1.6,0.6,12.7,1,11,0.3,1.5,2,,2.3,1.7,0.5,0.1,,3,0.5,,1.5,1,,,,,,0,0,78.7,0.8,40,40.4,4.6,1.6,
785824,Koke Vegas,Rhode Island FC,1597140,Eastern,keepers,GK,1,31,1995-09-27,Spain,188,72000,,24,11,2151,6.67,,1,,,,20,,1,,0.1,,,1.5,0,,1.4,,6.6,,,0,1,1,6,66.3,2.2,1.1,1,,68.4,0,,100,,,
1366199,Will Meyer,Rhode Island FC,1597140,Eastern,keepers,GK,13,28,1998-05-24,USA,188,50000,,,,,,,,,,,,,,,,,,,,,,,,,,,,,,,,,,,,,,,,,
1083221,Jacob Castro,Rhode Island FC,1597140,Eastern,keepers,GK,29,26,1999-12-18,USA,193,50000,,1,11,7,,,,,,,,,,,,,,,,,,,,,,,,,,,,,,,,,,,,,
1082967,Dani Rovira,Rhode Island FC,1597140,Eastern,defenders,RB,2,29,1996-12-15,Colombia,175,50000,,9,32,79,,,,,,,,1,1,,,,,,,,,,,,,,1,,,,,,,,,1.1,,,,,
1448501,Aldair Sanchez,Rhode Island FC,1597140,Eastern,defenders,"LB,LWB,LM",3,24,2002-07-06,USA,173,197499,,22,38|59|78,1371,6.74,1,,0.07,0.1,0.1,26.5,1,7,1.4,0.5,,,4.1,2,0.5,1.4,0.1,3.2,0.3,,0.7,4,,,,,,0,0,79.4,0.5,29.2,70,50,1.2,
1042584,Grant Stoneman,Rhode Island FC,1597140,Eastern,defenders,"CB,CDM",5,30,1995-11-27,USA,188,50000,,23,34|64,1810,6.65,1,,0.05,0.4,0.1,36.9,1,6,3.5,0,1,,6.4,0.8,1,4.1,0.5,2.6,0.1,1,1,1,,,,,,0,0,82.9,0.3,44.9,25,11.1,0.8,
1287564,Frank Nodarse,Rhode Island FC,1597140,Eastern,defenders,"CB,RB,LB,RM",15,25,2000-12-06,Cuba,191,51249,,24,36|32|38|72,1969,7.27,1,,0.05,0.6,0.2,36,2,17,2.1,0.7,,,8.7,2.2,1.7,4.1,0.7,4,0.1,,1.1,4,,,,,,3,0,82.1,0.8,39.5,53.3,7.1,1.6,
1082990,Nick Scardina,Rhode Island FC,1597140,Eastern,defenders,"RB,RWB",22,25,2001-06-22,USA,180,74096,,22,32|62,1530,7.01,1,3,0.06,1,0.4,29.4,1,15,1.6,0.4,,,5.9,2,1.2,2.4,0.3,3.2,0.2,1,0.6,,,,,,,0,0,78.3,0.9,30,50,5.9,1.2,
1058360,Karifa Yao,Rhode Island FC,1597140,Eastern,defenders,CB,24,26,2000-09-28,Canada,191,85016,,17,34,1420,6.79,1,,0.06,0.2,0.1,35.2,,5,2.7,0.2,,,7.2,0.8,1.6,4.4,0.5,2.2,,,1.5,2,,,,,,0,0,88.4,0.3,57.5,100,33.3,,
1928321,Calvin Williams,Rhode Island FC,1597140,Eastern,defenders,CB,25,22,2004-01-29,USA,191,,,3,36,32,,,,,,,,,,,,,,,,,,,,,,,,,,,,,,,,,,,,,
1516692,Hugo Bacharach,Rhode Island FC,1597140,Eastern,midfielders,"CDM,CM",4,25,2001-07-27,Spain,193,119258,,21,66|76,1649,7.2,3,1,0.16,1.3,0.4,32,1,17,1.9,0.6,2,,6.9,2.5,1.6,2.3,0.4,4.4,0.1,,2.3,8,1,,,,,1,0,76.9,0.9,51.5,61.1,13,2.7,
1348492,Dwayne Atkinson,Rhode Island FC,1597140,Eastern,midfielders,RM,7,24,2002-05-05,Jamaica,176,50000,,19,72,301,6.45,3,,0.9,3.9,1.8,36.8,,6,2.4,1.5,1,,5.1,3,1.2,0.9,,6,0.3,,2.1,1,,,,,,0,1,77.8,1.8,57.1,50,23.1,4.2,
1257379,Agustín Rodríguez,Rhode Island FC,1597140,Eastern,midfielders,"CAM,RW,LW",10,22,2004-05-02,Argentina,169,,,21,85|83|87,1128,6.56,,2,,2.6,0.6,20.3,2,23,1.1,0.9,3,,2.9,1.5,1,0.2,0.1,4.5,0.9,,2.2,3,,,,,,0,,76,1.8,51.9,39.3,0,2.7,
1199737,Noah Fuson,Rhode Island FC,1597140,Eastern,midfielders,"LW,CAM,LM,ST",11,26,1999-12-31,USA,191,62589,,20,107|85|78|104,753,6.54,,4,,2.2,0.6,21.5,3,18,0.7,0.5,,,3.1,1.8,0.4,0.8,0.1,4.2,0.5,,1.2,2,,,,,,0,,75.6,2.2,37.5,40,0,2.2,
1647608,Eric Klein,Rhode Island FC,1597140,Eastern,midfielders,"CM,CDM",16,19,2006-11-20,USA,183,584911,,7,75|64,213,,,,,,,,,1,,,,,,,,,,,,,,3,,,,,,,,,0.4,,,,,
1615759,Kevin Vang,Rhode Island FC,1597140,Eastern,midfielders,CM,19,26,2000-08-12,USA,165,50000,,2,74,9,,,,,,,,1,1,,,,,,,,,,,,,,,,,,,,,,,10,,,,,
729986,Zach Herivaux,Rhode Island FC,1597140,Eastern,midfielders,"CDM,CM",21,30,1996-02-01,Haiti,185,50000,,9,66|76,287,,,,,,,,,1,,,,,,,,,,,,,,2,,,,,,,,,0.3,,,,,
2263374,Kevin Medina,Rhode Island FC,1597140,Eastern,midfielders,,30,20,2006-04-14,USA,183,,,,,,,,,,,,,,,,,,,,,,,,,,,,,,,,,,,,,,,,,,
1479926,Amos Shapiro-Thompson,Rhode Island FC,1597140,Eastern,midfielders,"CDM,CAM,CM,RWB,RW",77,26,2000-01-11,USA,175,110880,,19,66|85|76|51|103,1366,7.21,,3,,1.1,0.1,29.4,6,26,2.6,0.7,1,,4.9,3.1,1.1,0.7,,5.5,0.6,,1.7,4,,,,,,1,,78.7,1.7,47.6,52.6,0,3.5,
1600846,Leo Afonso,Rhode Island FC,1597140,Eastern,attackers,"LW,ST,RM",8,25,2001-07-13,Brazil,175,,,22,87|106|72,1617,7.04,4,3,0.22,3.5,1.3,18.5,1,21,1.5,1,3,,2.6,1.6,0.2,0.6,0.1,3.5,0.5,,1.7,3,,,,,,0,0,73,1.2,47.4,46.2,6.5,2.3,
1624044,Yutaro Tsukada,Rhode Island FC,1597140,Eastern,attackers,LW,14,25,2001-07-28,Japan,180,158360,,8,87,463,,2,2,,,,,1,10,,,,,,,,,,,,,,1,,,,,,,0,,1.9,,,,,
1357481,Jojea Kwizera,Rhode Island FC,1597140,Eastern,attackers,"RW,LW,LWB,LB",17,27,1999-01-01,Rwanda,175,111063,,22,83|87|59|38,1785,7.37,6,2,0.3,2,1.1,28.1,7,52,1.9,1,1,,2.9,1.4,0.6,0.8,0.2,4.5,0.7,,1,7,,,,,,2,1,80.5,2.6,56.7,39.2,15,2.4,
1292844,Osman Foyo,Rhode Island FC,1597140,Eastern,attackers,ST,18,21,2004-10-03,England,193,258188,,6,115,224,,,,,,,,,4,,,2,,,,,,,,,,,,,,,,,,,,1.6,,,,,
1355804,Jamin Gogo Peters,Rhode Island FC,1597140,Eastern,attackers,RM,20,22,2003-11-03,USA,178,,,1,72,7,,,,,,,,,,,,,,,,,,,,,,,,,,,,,,,,,,,,,
1843221,Nikolai Pierre,Rhode Island FC,1597140,Eastern,attackers,ST,27,18,2008-04-01,Haiti,191,,,,,,,,,,,,,,,,,,,,,,,,,,,,,,,,,,,,,,,,,,
1923039,Cai-Anthony McLean,Rhode Island FC,1597140,Eastern,attackers,,28,18,2008-06-27,Jamaica,,,,,,,,,,,,,,,,,,,,,,,,,,,,,,,,,,,,,,,,,,,
1515624,Stas Korzeniowski,Rhode Island FC,1597140,Eastern,attackers,ST,37,23,2003-01-30,USA,193,244494,,5,104,392,,2,,,,,,1,3,,,2,1,,,,,,,,,,1,,,,,,,0,,0.7,,,,,2.3
150242,Eloy Room,Miami FC,721896,Eastern,keepers,GK,1,37,1989-02-06,Curaçao,190,50000,,20,11,1800,6.71,,,,,,17.8,,,,,,,1,0.1,,1,,8.4,,1,0.1,5,,5,62.6,2.9,1.7,2,,69.3,,,,,,
2084621,Cristian Blanco,Miami FC,721896,Eastern,keepers,,25,34,1991-11-30,Argentina,182,,,,,,,,,,,,,,,,,,,,,,,,,,,,,,,,,,,,,,,,,,
1640878,Felipe Rodriguez,Miami FC,721896,Eastern,keepers,GK,31,22,2004-05-14,Uruguay,185,,,6,11,540,,,,,,,,,1,,,,,,,,,,,,,,1,,2,,,,,,,0.2,,,,,
2030061,Julian Rodriguez,Miami FC,721896,Eastern,keepers,,41,21,2005-01-16,USA,193,,,,,,,,,,,,,,,,,,,,,,,,,,,,,,,,,,,,,,,,,,
1923044,Gavin Gonsalves,Miami FC,721896,Eastern,keepers,,43,18,2008-04-24,Antigua and Barbuda,188,,,,,,,,,,,,,,,,,,,,,,,,,,,,,,,,,,,,,,,,,,
1431293,Harwan Al Zubaidi,Miami FC,721896,Eastern,defenders,"CB,RB",2,26,1999-10-15,Yemen,188,178128,,4,34|32,269,,,1,,,,,1,3,,,1,,,,,,,,,,,,,,,,,,,,1,,,,,
1455128,Angelo Calfo,Miami FC,721896,Eastern,defenders,CB,4,27,1998-11-04,USA,188,50000,,24,36,1957,6.28,,,,0.3,0,34.9,,,2.4,0,,,7.2,1,0.2,5.2,0.9,2.2,0,,1.3,5,,,,,,0,,87,,42.1,100,0,0.7,
1081944,Tulu,Miami FC,721896,Eastern,defenders,"CB,RB",6,29,1997-04-09,Togo,188,50000,,13,34|32,280,,,,,1,,29.3,,1,1.3,0.3,1,,8.4,0.6,0.3,5.8,1.6,3.9,,,1.6,2,,,,,,,,75.8,0.3,25,100,0,,
1666352,Bachir Ndiaye,Miami FC,721896,Eastern,defenders,"RB,CB,CM,CDM",12,27,1999-01-27,Senegal,191,60889,,25,32|33|74|64,1796,6.64,,,,0.2,0.1,37.5,,7,2,0.4,1,,6.7,2,0.9,3.1,0.8,3.7,0.2,,2,7,,,,,,0,,83.7,0.4,39.8,58.3,0,1.6,
1082131,Daltyn Knutson,Miami FC,721896,Eastern,defenders,CB,13,29,1997-03-01,USA,191,50000,,24,34,2146,6.85,1,,0.04,0.4,0,47.5,,5,5.4,0,1,,10.3,1.2,1.1,7,1,3.2,,,0.8,6,,,,,,0,0,85.2,0.2,51.8,33.3,11.1,,
1170994,Arthur Rogers,Miami FC,721896,Eastern,defenders,"CB,RB",14,30,1996-09-26,England,183,50000,,9,34|32,468,,,,,,,,,1,,,,,,,,,,,,1,,,,,,,,,,,0.2,,,,,
668489,Jonathan Levin,Miami FC,721896,Eastern,defenders,CB,17,33,1993-05-06,Mexico,180,50000,,2,37,65,,,,,,,,,,,,,,,,,,,,,,,1,,,,,,,,,,,,,,
1006668,Alessandro Milesi,Miami FC,721896,Eastern,defenders,"LB,LM,LWB",21,26,1999-12-21,Peru,185,75736,,25,38|78|59,2184,6.7,3,2,0.12,0.8,0.3,25.2,5,24,1.5,0.5,1,,4.6,1.4,0.7,1.9,0.5,3.7,0.1,1,1.9,11,,,,,,0,0,76.5,1,33.3,38.2,15,1.6,
1967853,Jeremy Medranda,Miami FC,721896,Eastern,defenders,LB,30,0,,USA,,,,1,38,5,,,,,,,,,,,,,,,,,,,,,,,,,,,,,,,,,,,,,
2130545,Justin White,Miami FC,721896,Eastern,defenders,,46,18,2007-10-12,USA,170,,,,,,,,,,,,,,,,,,,,,,,,,,,,,,,,,,,,,,,,,,
1610327,Riyon Tori,Miami FC,721896,Eastern,midfielders,"CM,CDM",5,25,2001-09-25,Japan,176,,,22,75|65,1445,6.59,,,,0.2,0.1,30.6,1,7,1.1,0.4,2,,5.9,2.6,1.2,1.4,0.7,3.6,0.1,,3,10,,,,,,0,,86.2,0.4,43.6,70,0,2.1,
660079,Matías Romero,Miami FC,721896,Eastern,midfielders,"RM,CM,RWB,RW,CDM",8,30,1996-02-01,Argentina,173,50000,,24,72|73|51|82|64,1754,6.82,,2,,0.7,0.3,35,2,19,1.3,0.5,,,3.5,1,1,1.3,0.2,5.3,0.5,,0.6,,,,,,,0,,83.5,1,35.2,47.6,0,1.9,
643612,Joel Soñora,Miami FC,721896,Eastern,midfielders,"CM,CAM,LW,CDM,ST",9,30,1996-09-15,USA,176,50302,,20,76|86|87|67|115,1345,6.74,,2,,1.7,0.3,38,3,19,1.1,0.8,,,2.1,1.4,0.4,0.3,,3.7,0.3,,1.9,2,,,,,,0,,90.9,1.3,53.1,52.2,0,1.9,
855287,Gerald Díaz,Miami FC,721896,Eastern,midfielders,"CM,CDM,RW",16,27,1999-03-29,Puerto Rico,175,53317,,23,77|66|83,1108,6.46,1,,0.08,1.6,0.5,33.5,,14,3.4,0.2,2,1,4.8,2.1,0.6,1.5,0.6,3.9,0.3,,1.3,3,,,,,,0,0,84.6,1.1,57.5,11.1,5,1.8,2
1938728,Mame Diallo,Miami FC,721896,Eastern,midfielders,LM,18,18,2007-12-05,Senegal,185,,,4,78,112,,,,,,,,,2,,,,,,,,,,,,,,2,,,,,,,,,1.6,,,,,
1035025,Rodrigo da Costa,Miami FC,721896,Eastern,midfielders,"CM,ST,CAM,RM,RW",22,32,1993-12-20,Brazil,183,50000,,22,74|104|84|72|103,1462,7.16,2,3,0.12,1.8,0.7,31.3,6,26,1.5,1.2,2,,4.1,1.6,0.8,1.5,0.2,5,0.4,,0.6,3,,,,,,1,0,76.5,1.6,42.1,46.3,6.9,3,
1524674,Tommy Musto,Miami FC,721896,Eastern,midfielders,"CM,CDM",23,22,2003-11-10,USA,183,238755,,19,76|66,884,6.31,1,,0.1,0.5,0.3,46.4,2,8,2,0.1,,,4.2,1.4,0.6,1.5,0.6,4.1,0.1,1,1.5,4,,,,,,0,0,89.6,0.8,48.8,20,20,1.9,
1626466,Mason Tunbridge,Miami FC,721896,Eastern,attackers,"RW,CAM,ST,RM",7,25,2000-12-27,England,188,70992,,24,103|85|104|72,1355,6.69,2,4,0.13,1.7,0.7,21.7,10,30,2.8,2.1,4,,1.2,0.8,0.3,0.1,,2.9,0.5,,1.5,3,1,,,,,0,0,70.3,2,56,48.4,7.7,1.9,
1421734,Denilson Milanés,Miami FC,721896,Eastern,attackers,ST,24,23,2002-12-16,Cuba,180,,,7,105,403,,1,,,,,,1,4,,,1,,,,,,,,,,,4,1,,,,,,0,,0.9,,,,,
1392871,Arney Rocha,Miami FC,721896,Eastern,attackers,"LW,ST,CAM",26,23,2003-09-22,Colombia,175,123263,,21,107|106|85,1483,7.05,7,3,0.42,1.9,0.9,21.2,1,24,1.8,0.5,4,1,1.9,0.9,0.4,0.5,0.1,2.9,0.4,,0.9,3,,,,,,4,2,79.7,1.5,54.7,69.2,22.6,1.5,1.9
1804489,Diego Mello,Miami FC,721896,Eastern,attackers,LW,37,19,2007-01-09,USA,183,,,12,107,267,,,1,,,,,1,4,,,,1,,,,,,,,,,2,,,,,,,,,1.3,,,,,3.4
2130546,Massimo Mlekus,Miami FC,721896,Eastern,attackers,,47,19,2007-01-11,USA,185,,,2,1,14,,,,,,,,,,,,,,,,,,,,,,,,,,,,,,,,,,,,,
912343,Jassem Koleilat,Birmingham Legion FC,1003207,Eastern,keepers,GK,1,27,1999-07-30,Czechia,188,,,24,11,2144,6.94,,,,,,14.9,,,,0.1,,,1,0,,1,,6.8,,,,2,,5,70.9,3.8,1.6,1,,63.7,,,100,,,
1804493,Trevor McMullen,Birmingham Legion FC,1003207,Eastern,keepers,GK,12,24,2002-01-23,USA,185,,,2,11,106,,,,,,,,,,,,,,,,,,,,,,,,,,,,,,,,,,,,,
621906,Phanuel Kavita,Birmingham Legion FC,1003207,Eastern,defenders,CB,3,33,1993-03-09,Rwanda,188,,,15,34,1176,6.43,1,,0.08,0.4,0.1,32.5,,2,1.2,,,,7.3,0.4,0.4,5.4,1.1,1.8,0.1,1,0.7,2,,,,,,0,0,87.1,0.2,26.7,,20,0.4,
1368657,Dawson McCartney,Birmingham Legion FC,1003207,Eastern,defenders,LB,11,27,1998-10-15,USA,183,,,23,38,1480,6.76,,5,,0.3,,38.4,3,19,1.6,0.4,,,5.2,1.6,0.7,2.7,0.3,4,0.2,1,0.6,1,,,,,,0,,82.4,1.2,36.1,46.2,0,1.8,
1059682,AJ Paterson,Birmingham Legion FC,1003207,Eastern,defenders,CB,20,30,1996-01-31,Grenada,188,,,5,36,220,,,,,,,,,,,,,,,,,,,,,,,,,,,,,,,,,,,,,
1624479,Amir Daley,Birmingham Legion FC,1003207,Eastern,defenders,"RB,RWB,RM,LB",26,24,2002-02-26,Antigua and Barbuda,175,,,15,32|51|71|38,775,6.58,,,,0.6,,28.5,,5,0.7,0.8,,,6.3,2.1,1.2,2.7,0.3,3.4,,1,1.2,1,,,,,,0,,80.6,0.6,35.3,36.8,0,,
1262891,Bryce Washington,Birmingham Legion FC,1003207,Eastern,defenders,CB,27,28,1998-09-12,USA,188,50000,,15,34,1156,6.47,,,,0.3,,31.2,,,1,0.2,,,11.1,0.8,1.1,7.6,1.7,2.3,,,0.2,1,,,,,,0,,90.9,,56.5,100,0,,
1439803,Hamady Diop,Birmingham Legion FC,1003207,Eastern,defenders,CB,32,24,2001-12-26,Senegal,183,118522,,14,36,982,6.9,,,,0.4,,59.8,,5,5.4,0.3,,,8.3,1.3,1.2,4.9,1,3.8,0.1,,1.5,1,,,,,,0,,85.6,0.5,51.3,42.9,0,0.7,
1252148,Nico Brown,Birmingham Legion FC,1003207,Eastern,defenders,"LB,RB,RM",77,28,1998-08-11,Jamaica,180,184308,,16,38|32|71,1046,6.56,1,,0.09,0.4,0.1,31.9,3,8,0.8,0.5,,,6.9,1.2,0.7,4.7,0.3,2.9,,,0.9,1,1,,,,,0,0,85.9,0.7,31,66.7,20,,
860928,Samuel McIllhatton,Birmingham Legion FC,1003207,Eastern,midfielders,"CDM,CM",6,28,1998-06-29,Australia,170,,,19,66|75,940,6.83,1,,0.1,1.2,0.5,48.1,,10,3.5,1,,,7.1,2.4,2.3,2,0.4,5.1,0.1,,0.8,3,,,,,,1,0,85.4,1,58.7,62.5,7.7,2.8,
1431704,Kadeem Cole,Birmingham Legion FC,1003207,Eastern,midfielders,"CDM,CM,CB",8,27,1999-05-12,Nicaragua,178,,,12,66|76|36,668,,,,,,,,1,3,,,,,,,,,,,,,,2,,,,,,,,,0.4,,,,,
847603,Samuel Shashoua,Birmingham Legion FC,1003207,Eastern,midfielders,"CDM,CAM",10,27,1999-05-13,England,176,,,19,66|85,1431,7.12,2,1,0.13,2.3,0.4,66.2,1,36,5,1.4,2,,1.5,1.1,0.3,0.1,,5.2,0.7,,0.6,1,,,,,,1,0,89.3,2.3,67.5,50,5.4,2.3,
530617,Tyler Pasher,Birmingham Legion FC,1003207,Eastern,midfielders,"CAM,RW",15,32,1994-04-27,Canada,180,,,20,85|83,1406,6.97,5,2,0.32,1.9,0.4,38.5,2,28,1.2,1.2,2,,1.1,0.7,0.3,0.1,,3.1,0.6,,0.8,,,,,,,2,2,86.9,1.8,51.4,54.3,16.7,1.2,
932131,Peter-Lee Vassell,Birmingham Legion FC,1003207,Eastern,midfielders,"CAM,RW,CM",16,28,1998-02-03,Jamaica,180,,,21,85|83|77,1201,6.86,2,4,0.15,3,1,26.1,3,12,1.2,1.2,3,1,2.5,1.1,0.5,0.7,0.1,3.3,0.4,,0.7,2,,,,,,1,0,81.9,0.9,72.7,61.5,5,1.3,1.3
1682447,Seth Antwi,Birmingham Legion FC,1003207,Eastern,midfielders,CDM,18,26,1999-11-09,Ghana,175,,,25,64,2244,6.87,,,,0.1,,44.7,,9,0.8,0.2,,,6.1,1.7,1,3,0.4,4.2,0.2,,1.4,8,,,,,,0,,91.4,0.4,34.5,80,0,2.2,
1190660,Serge Ngoma,Birmingham Legion FC,1003207,Eastern,midfielders,RW,81,21,2005-07-09,USA,178,670583,,21,83,504,6.55,2,2,0.36,2.3,1.1,21.4,4,10,0.4,1.8,1,,4.1,2,,2,0.2,3.4,0.4,,2.3,3,,,,,,0,0,77.4,1.8,33.3,50,15.4,1.1,
622027,Sebastián Saucedo,Birmingham Legion FC,1003207,Eastern,attackers,LW,7,29,1997-01-22,USA,170,,,14,88,197,,2,1,0.91,5,1.8,48.9,,10,5.9,0.9,,1,1.4,0.5,0.5,0.5,,9.1,0.9,,1.8,3,,,,,,,1,82.9,4.6,72.2,22.2,18.2,4.1,5
790332,Ronaldo Damus,Birmingham Legion FC,1003207,Eastern,attackers,ST,9,27,1999-09-12,Haiti,178,,,22,115,1163,6.56,6,,0.46,3,1.2,7.2,2,13,0.2,0.5,11,,2.1,0.7,0.3,1.1,,1.6,0.3,,1.5,3,,,,,,0,0,78.2,1,60,50,15.4,0.9,
621524,Romario Williams,Birmingham Legion FC,1003207,Eastern,attackers,ST,17,32,1994-08-15,Jamaica,185,103832,,21,115,1068,6.92,7,2,0.59,2.3,0.8,12.7,3,16,0.4,0.6,2,2,2.9,1.1,0.1,1.7,,1.9,0.3,,2,6,,,,,,0,0,75.5,1.3,62.5,70,25.9,1.2,1.7
1637902,Gevork Diarbian,Birmingham Legion FC,1003207,Eastern,attackers,LW,19,24,2001-12-12,USA,170,,,25,87,2005,6.9,2,4,0.09,2.1,0.8,20.2,8,34,0.4,1.4,6,1,1.4,0.6,0.2,0.5,0.1,3.1,0.5,,1.3,5,,,,,,2,0,83.8,1.5,57.1,39,4.3,1.3,2.9
1662187,Sebastian Tregarthen,Birmingham Legion FC,1003207,Eastern,attackers,"RW,RB",21,26,2000-07-05,Uruguay,170,,,23,83|32,1754,7.02,4,1,0.21,1.7,0.6,21,3,16,0.8,1.6,2,,6.3,2,1.6,2.3,0.4,3.7,0.1,,1.3,3,,,,,,2,0,71.8,0.8,22.9,45.7,11.8,1.6,
1780513,Jonathan Hernandez,Birmingham Legion FC,1003207,Eastern,attackers,,30,18,2008-06-07,USA,180,,,,,,,,,,,,,,,,,,,,,,,,,,,,,,,,,,,,,,,,,,
1781517,Jaylen Lester,Birmingham Legion FC,1003207,Eastern,attackers,,34,18,2008-04-30,Jamaica,178,,,,,,,,,,,,,,,,,,,,,,,,,,,,,,,,,,,,,,,,,,
1078951,Jordan Farr,Loudoun United FC,1003205,Eastern,keepers,GK,13,31,1994-10-05,USA,188,50000,,3,11,270,,,,,,,,,,,,,,,,,,,,,,,,,,,,,,,,,,,,,
1346730,Ethan Bandré,Loudoun United FC,1003205,Eastern,keepers,GK,41,28,1998-09-14,USA,188,82944,,15,11,1350,6.56,,1,,,,16.3,,1,,,,,1,,,1,,7.1,,,,1,,5,60.3,2.9,1.9,1,,69.6,0.1,,,,,
1719157,Noah Adnan,Loudoun United FC,1003205,Eastern,defenders,"CB,RB",2,24,2002-01-21,USA,187,198920,,23,33|32,1494,6.61,,,,0.5,0.1,35.9,1,4,2.7,0.2,1,,7.6,1.6,1.1,3.9,1,2.6,0.1,,1.3,5,,,,,,0,,81.1,0.2,40.9,37.5,0,0.9,
1611219,Aidan O'Connor,Loudoun United FC,1003205,Eastern,defenders,CB,4,24,2001-10-07,USA,193,188744,,,,,,,,,,,,,,,,,,,,,,,,,,,,,,,,,,,,,,,,,
1500407,Salvatore Mazzaferro,Loudoun United FC,1003205,Eastern,defenders,CB,5,24,2001-10-11,Canada,185,269568,,17,36,1186,6.55,,,,0.5,0.2,48.6,,1,3.1,0.1,1,,8.2,0.5,1.3,5.2,1.1,4.2,0.1,2,0.8,1,,,,,,0,,87.6,0.1,42.3,50,0,1.4,
825620,Kwame Awuah,Loudoun United FC,1003205,Eastern,defenders,"LB,LWB,LM,CB",6,30,1995-12-02,Canada,173,50000,,25,38|68|78|37,2231,6.85,,2,,0.2,0,39.4,5,25,2.1,0.5,,,5,1.6,1,2.3,0.1,5.2,0.3,,0.8,6,,,,,,0,,79.5,1,35.7,46.4,0,2.1,
915626,Pacifique Niyongabire,Loudoun United FC,1003205,Eastern,defenders,"RB,RWB,RM",7,26,2000-03-15,Burundi,173,82709,,19,32|62|72,1371,7.12,,2,,1,0.3,26.7,4,19,1.1,2,1,,6.1,2.6,1.2,2.2,0.1,5.1,0.3,2,1.2,4,,,,,,1,,80.6,1.2,42.5,54.4,0,2,
1109656,Ezra Armstrong,Loudoun United FC,1003205,Eastern,defenders,LWB,12,27,1998-12-15,USA,175,79818,,,,,,,,,,,,,,,,,,,,,,,,,,,,,,,,,,,,,,,,,
675538,Bolu Akinyode,Loudoun United FC,1003205,Eastern,defenders,"CB,CDM,CM",21,32,1994-05-30,Nigeria,188,50000,,25,37|66|76,2205,7,1,,0.04,0.5,0.1,36.9,1,7,1.1,0.4,2,,8,2.4,1.3,3.6,0.6,3.7,0.2,,1.4,9,,,,,,0,0,84.6,0.3,30.2,76.9,8.3,1.6,
1338758,Jacob Erlandson,Loudoun United FC,1003205,Eastern,defenders,CB,24,27,1999-03-14,USA,186,52929,,13,34,1026,6.87,,,,0.5,0.1,41,,1,3.2,,1,,11.5,1.7,1.3,7.5,1,3.7,0.2,,1.6,2,,,,,,0,,83.5,0.1,42.4,,0,1.1,
2030039,Liam Barrus,Loudoun United FC,1003205,Eastern,defenders,,38,19,2007-09-10,USA,,,,,,,,,,,,,,,,,,,,,,,,,,,,,,,,,,,,,,,,,,,
780567,James Murphy,Loudoun United FC,1003205,Eastern,midfielders,"CDM,CM",8,29,1997-09-17,USA,180,82944,,24,64|74,1904,6.95,1,3,0.05,1,0.3,38.3,4,17,2.6,0,2,1,4.8,1.9,0.7,1.7,0.5,3.9,0.1,1,0.6,3,1,,,,,0,0,80.7,0.8,44.4,50,4.6,1.9,0.7
281628,Pedro Santos,Loudoun United FC,1003205,Eastern,midfielders,"RW,CAM,CDM,CM",10,38,1988-04-22,Portugal,170,50000,,16,83|84|63|76,856,6.71,1,1,0.11,1.7,0.2,26.8,1,11,2.7,0.4,,,4.1,2.3,0.7,1.1,,3.8,0.6,,1.6,4,,,,,,0,1,75.2,1.2,52,66.7,6.3,2.3,
1358177,Jack Panayotou,Loudoun United FC,1003205,Eastern,midfielders,"CAM,RW,RM",16,22,2004-06-05,USA,175,132369,,13,85|103|72,544,,,,,1.8,,18.5,,7,0.8,0.7,2,,2.3,1.3,0.3,0.7,,4.3,0.5,,1.2,1,,,,,,,,75.2,1.2,38.5,40,0,2,
1459269,Richard Aman,Loudoun United FC,1003205,Eastern,midfielders,"LW,CAM,LWB,LM",19,22,2004-03-16,USA,173,,,25,87|86|68|78,1719,6.94,1,5,0.05,0.9,0.3,24.6,7,34,0.6,1.8,4,,1.8,0.9,0.4,0.5,,3.7,0.6,,1.1,2,,,,,,1,0,85.1,1.8,60,45.3,5.6,1.8,
1309795,Sean Young,Loudoun United FC,1003205,Eastern,midfielders,"CDM,CM",20,25,2001-04-20,Canada,188,124057,,14,66|73,428,,1,,0.21,1.1,0.6,45,,4,2.5,1.1,,,6.7,2.1,1.7,2.1,0.8,4.6,0.6,,1.9,2,,,,,,,0,84.9,0.8,54.5,71.4,20,2.5,
1079296,Akil Watts,Loudoun United FC,1003205,Eastern,midfielders,"CAM,CDM",23,26,2000-02-04,USA,178,252312,,7,85|66,386,,,2,,,,,3,8,,,2,,,,,,,,,,,1,,,,,,,,,1.9,,,,,
1216799,Rida Zouhir,Loudoun United FC,1003205,Eastern,midfielders,CDM,28,22,2003-11-23,Canada,180,217680,,3,66,87,,,,,,,,,2,,,,,,,,,,,,,,,,,,,,,,,2.1,,,,,
1576399,Luca Piras,Loudoun United FC,1003205,Eastern,midfielders,RWB,33,22,2004-04-09,Italy,175,50934,,7,62,239,,1,,,,,,,1,,,,,,,,,,,,1,,2,,,,,,,0,,0.4,,,,,
1346863,Marcos Dias,Loudoun United FC,1003205,Eastern,midfielders,"ST,CAM",39,24,2001-11-30,Brazil,178,201487,,15,106|86,473,,,,,1.9,0.2,20.4,,8,1.1,0.6,3,,4,1.7,1,1.1,0.2,3,0.8,,2.1,,,,,,,,,69.5,1.5,50,30,0,1.3,
1374959,Eddy Davis III,Loudoun United FC,1003205,Eastern,attackers,ST,9,20,2006-06-17,USA,185,1014689,,8,106,676,,6,,,,,,,5,,,5,,,,,,,,,,,,,,,,,,0,,0.7,,,,,
1252526,Abdellatif Aboukoura,Loudoun United FC,1003205,Eastern,attackers,"LW,CAM,ST,LM",11,21,2004-10-16,Egypt,170,132857,,16,87|85|104|78,1313,7.29,5,1,0.34,3.3,1.2,30,4,31,1.8,1.9,2,,1.9,0.9,0.3,0.6,0.1,3.8,0.7,,0.8,1,,,,,,1,0,78.8,2.1,54.2,39.7,10.4,1.7,
1647585,Liam Butts,Loudoun United FC,1003205,Eastern,attackers,ST,17,25,2001-02-20,Guyana,185,,,3,115,17,,,,,,,,,,,,,,,,,,,,,,,,,,,,,,,,,,,,,
1241617,Giorgi Lomtadze,Loudoun United FC,1003205,Eastern,attackers,"RW,LW",18,24,2001-10-30,Georgia,185,96280,,18,83|87,591,6.32,,,,2,0.5,26.8,,9,0.2,0.5,1,,2.4,1.5,0.5,0.5,,5,0.3,,3.2,3,,,,,,0,,83.4,1.4,20,42.9,0,3,
1166560,Christian Torres,Loudoun United FC,1003205,Eastern,attackers,"RW,RM",22,22,2004-04-15,Mexico,178,58410,,14,83|72,685,6.7,2,2,0.26,1.6,0.7,24.4,5,8,1.4,0.5,,,3.7,1.3,0.7,1.7,,4.5,0.4,,0.8,,,,,,,1,0,79.8,1.1,50,30.8,16.7,1.8,
928437,Jackson Lee,Brooklyn,1877733,Eastern,keepers,GK,1,25,2001-09-10,Australia,191,65115,,11,11,930,,,,,,,,,,,,,,,,,,,,,,,2,,1,,,,,,,,,,,,
1171002,Lukas Burns,Brooklyn,1877733,Eastern,keepers,GK,30,24,2002-05-14,USA,196,,,12,11,1035,,,,,,,,,,,,,,,,,,,,,,,,,1,,,,,,,,,,,,
1447526,Gabriel Alves,Brooklyn,1877733,Eastern,defenders,"LB,CB",3,27,1999-02-10,Brazil,185,126237,,23,38|36,1838,6.41,,,,0.4,0.1,31.1,1,9,2.4,0.2,,,7.5,1.5,1.2,4.4,0.5,3.5,0.1,1,1.6,5,2,,,,,0,,77.2,0.4,39.5,66.7,0,1.1,
1024286,Rocco Romeo,Brooklyn,1877733,Eastern,defenders,CB,4,26,2000-03-25,Canada,196,55715,,14,36,783,6.34,,,,0.2,,37.8,,3,4.7,,1,,9.5,1.1,1,6.6,0.8,2.9,,,1,2,,,,,,0,,78.5,0.3,46.1,,0,,
1248123,Vuk Latinovich,Brooklyn,1877733,Eastern,defenders,CB,6,29,1997-09-14,Serbia,186,50000,,21,36,1673,6.67,,,,0.5,0.2,41.7,2,9,3.9,0.1,,,11.4,1.3,1.7,7.7,0.6,3.2,,,1.2,6,,,,,,0,,80.2,0.5,44.5,100,0,,
1138224,So Nishikawa,Brooklyn,1877733,Eastern,defenders,LB,13,25,2001-06-18,Japan,178,50000,,13,38,411,,,1,,1.1,0.2,35.7,2,6,2.6,2.2,,,8.3,0.9,1.5,5.7,0.2,6.1,0.2,,0.9,2,,,,,,,,74.8,1.3,33.3,71.4,0,3.3,
388894,Ryan McLaughlin,Brooklyn,1877733,Eastern,defenders,"RB,RM",23,32,1994-09-30,Northern Ireland,175,50000,,18,32|72,1118,6.72,,,,0.2,,28.5,,5,2.5,0.5,,,7.5,2.4,1.1,3.5,0.4,4.1,0.2,,1,1,,,,,,0,,77,0.4,43.7,50,0,2,
1935110,Callum Frogson,Brooklyn,1877733,Eastern,defenders,"CB,RB,LB",24,22,2003-10-11,England,188,119504,,18,34|32|38,1260,6.69,,,,0.4,0.2,29.8,,3,1.1,,1,,10.6,2.1,2.1,5.6,0.7,3.5,0.1,1,1.6,4,,,,,,0,,81.4,0.2,32,,0,1.6,
936220,Thomas Vancaeyezeele,Brooklyn,1877733,Eastern,defenders,"CB,RB,CDM",92,32,1994-07-27,French Guiana,180,50000,,23,34|32|64,1930,6.61,,2,,0.6,0.1,35.5,1,14,2.5,0.2,1,,7.6,2.1,1.4,3.5,0.7,4.1,0.3,,0.9,2,,,,,,0,,76.9,0.7,36.2,23.5,0,1.6,
1440048,Malik Pinto,Brooklyn,1877733,Eastern,midfielders,"CDM,RB,CM",5,24,2002-08-09,USA,180,68062,,19,64|32|74,1098,6.14,,,,0.6,0.2,27.5,,5,1.5,0.1,,,5.9,2.3,1.1,2,0.5,3.2,0.2,1,1.5,2,,,,,,0,,78,0.4,40,16.7,0,1.6,
526485,Tommy McNamara,Brooklyn,1877733,Eastern,midfielders,"CDM,CAM,CM",7,35,1991-02-06,USA,185,50000,,23,66|85|76,1391,6.56,2,1,0.13,0.8,0.3,40.8,2,16,2.3,0.3,,1,3.8,1.5,0.8,1.3,0.2,3.2,0.3,,0.9,4,1,,,,,1,2,85.9,1,55.4,50,15.4,1.8,1.6
1460074,John Klein,Brooklyn,1877733,Eastern,midfielders,"LM,CDM",8,26,1999-11-07,USA,170,76984,,9,78|64,260,,,,,,,,1,2,,,,,,,,,,,,,,1,,,,,,,,,0.7,,,,,
1170973,Jaden Servania,Brooklyn,1877733,Eastern,midfielders,"CAM,RW,LW",11,25,2001-07-16,Puerto Rico,183,78213,,20,85|83|107,955,6.43,1,,0.09,0.9,0.3,17.4,,12,1.1,1.5,,,2,0.7,0.4,0.8,0.1,3,0.4,,2.1,4,,,,,,0,0,72.8,1.1,40,51.6,10,1.7,
924483,Anthony Fontana,Brooklyn,1877733,Eastern,midfielders,CAM,21,26,1999-10-14,USA,175,128046,,4,85,247,,,,,,,,,,,,,,,,,,,,,,,,,,,,,,,,,,,,,
1639626,Peter Mangione,Brooklyn,1877733,Eastern,midfielders,"CAM,CDM,RB,ST",27,25,2001-08-25,USA,180,75435,,21,85|64|32|105,756,6.43,3,,0.36,2.3,1.1,19,,6,1.2,0.6,2,1,2.1,0.8,0.2,1,0.1,2.5,0.2,,1.9,,,,,,,1,0,75.8,0.7,62.5,33.3,15.8,1.5,1.2
1724754,Taimu Okiyoshi,Brooklyn,1877733,Eastern,midfielders,"CDM,CM",86,25,2001-09-05,Japan,175,99198,,21,64|74,1624,6.6,,,,0.3,0.2,30.1,,7,1.9,0.4,,,4.5,1.6,1,1.7,0.2,4.9,0.6,,0.9,2,,,,,,0,,77.6,0.4,37,57.1,0,2.4,
1346904,Stefan Stojanovic,Brooklyn,1877733,Eastern,attackers,"RW,ST,LW",19,25,2001-03-03,USA,185,83192,,23,83|115|107,1163,6.5,4,,0.31,1.3,0.8,18.3,3,23,0.5,0.2,4,,2.7,1.4,0.6,0.6,0.1,2.9,0.4,,1.2,2,1,,,,,0,0,67.7,1.8,25.9,28.6,23.5,1.5,
1098593,Juan Obregón,Brooklyn,1877733,Eastern,attackers,ST,29,28,1997-10-29,Honduras,175,,,24,115,1267,6.59,3,2,0.21,4,1.8,16.6,4,16,0.4,0.9,6,,1.2,0.4,0.3,0.4,0.1,2.3,0.5,,1.6,1,,,,,,0,1,74,1.1,31.3,52.2,5.3,1.5,
1455583,CJ Olney Jr,Brooklyn,1877733,Eastern,attackers,"LW,CM,LM,CAM,RW",56,19,2006-12-16,USA,175,633495,,25,87|76|78|85|83,2076,7.09,3,7,0.13,1.6,0.9,20,9,42,1.5,0.6,5,,1.8,0.9,0.3,0.6,0.1,3.3,0.4,,0.4,,,,,,,3,0,72.1,1.8,49.3,48.1,8.1,2.2,
1469822,Abdoulaye Kanté,Brooklyn,1877733,Eastern,attackers,"RW,LW,ST",95,26,2000-03-04,France,183,274808,,18,83|107|115,653,6.38,2,,0.28,2.3,0.7,17,,10,1,1.5,,1,2.6,1.2,0.7,0.7,,3.4,0.6,,3.6,1,,,,,,0,0,69.5,1.4,41.2,40.7,11.8,2.6,1.7
754584,Pierre da Silva,Brooklyn,1877733,Eastern,attackers,RW,98,28,1998-07-28,USA,183,109708,,11,83,359,,,,,,,,,6,,,1,,,,,,,,,,,1,,,,,,,,,1.5,,,,,
825635,Jake McGuire,Sporting JAX,1737991,Eastern,keepers,GK,1,32,1994-09-03,USA,191,50000,,11,11,990,,,,,,,,,,,,,,,,,,,,,,,,,,,,,,,,,,,,,
1919892,Juan Casas,Sporting JAX,1737991,Eastern,keepers,,42,23,2003-03-16,Colombia,191,,,,,,,,,,,,,,,,,,,,,,,,,,,,,,,,,,,,,,,,,,
1187155,Harvey Neville,Sporting JAX,1737991,Eastern,defenders,"RB,CB,RM,LB,CM",2,24,2002-06-26,Republic of Ireland,185,185246,,26,32|33|72|38|76,1917,6.2,,2,,0.4,0,26.8,3,14,3.1,0.4,,,4.7,1.3,0.8,2.3,0.3,3.1,0,,1.2,7,,,,,,0,,79,0.7,48.9,50,0,1,
1470132,Tyshawn Rose,Sporting JAX,1737991,Eastern,defenders,"LM,LB,LWB",3,26,2000-08-30,USA,183,63914,,17,78|38|59,1384,6.39,1,2,0.07,0.4,0.1,24.2,5,16,0.5,0.7,,1,4.7,1.6,1.1,2,0.1,3.4,0.2,,1.8,4,1,,,,,0,0,82.1,1,21.2,37,16.7,1.3,2.1
1676058,Ethan Dudley,Sporting JAX,1737991,Eastern,defenders,CB,4,26,2000-04-11,USA,191,106993,,,,,,,,,,,,,,,,,,,,,,,,,,,,,,,,,,,,,,,,,
415706,Ventura Alvarado,Sporting JAX,1737991,Eastern,defenders,CB,13,34,1992-08-16,USA,181,,,6,34,405,,,,,,,,,,,,,,,,,,,,,,,3,,,,,,,,,,,,,,
330468,Ryan Edwards,Sporting JAX,1737991,Eastern,defenders,CB,15,32,1993-10-07,England,193,63492,,20,35,1775,6.24,,,,0.3,,38.3,,3,3.7,0.3,,,10.2,0.8,1.3,6.7,1.5,2.5,,1,1,4,1,,,,,0,,85.1,0.2,52.6,71.4,0,,
1059395,Wahab Ackwei,Sporting JAX,1737991,Eastern,defenders,CB,18,29,1996-10-19,Ghana,183,50000,,15,33,1138,6.06,,,,0.3,,31.7,,2,3.4,0.1,2,,8.5,0.7,1.9,5.3,0.6,3.7,0.2,1,0.8,1,,,,,,0,,80.4,0.2,43.9,25,0,0.9,
658133,Marcus Godinho,Sporting JAX,1737991,Eastern,defenders,"LB,LM,RM",21,29,1997-06-28,Canada,188,75094,,6,38|79|72,417,,,,,,,,,1,,,,,,,,,,,,,,,,,,,,,,,0.2,,,,,
1617267,Antonio Gomez,Sporting JAX,1737991,Eastern,defenders,CB,22,24,2001-12-15,USA,188,81105,,19,37,1238,6.32,,,,0.4,,36.3,,1,3.3,0.4,1,,9.8,2.2,2,5,0.6,3.1,0.1,1,1.7,6,,,,,,0,,83.2,0.1,45.5,75,0,1.2,
168308,Danny Wilson,Sporting JAX,1737991,Eastern,defenders,CB,27,34,1991-12-27,Scotland,187,204614,,7,36,521,,1,,,,,,,2,,,,,,,,,,,,,,2,,,,,,,0,,0.3,,,,,
1346880,Dida Armstrong,Sporting JAX,1737991,Eastern,defenders,"RW,RWB",77,22,2004-06-04,USA,183,,,9,83|51,500,,,1,,,,,2,4,,,,1,,,,,,,,1,,2,,,,,,,,,0.7,,,,,1.4
1177861,Mohamed Traore,Sporting JAX,1737991,Eastern,defenders,CB,99,24,2002-08-15,Senegal,191,54840,,5,36,450,,1,,,,,,,,,,,,,,,,,,,1,,1,,,,,,,0,,,,,,,
516002,Jordan Rossiter,Sporting JAX,1737991,Eastern,midfielders,"CM,CDM",6,29,1997-03-24,England,178,50000,,24,76|64,2051,6.37,,1,,0.4,0,30,,7,1.7,0.1,,,5.4,1.5,1.1,2.4,0.4,2.8,0.4,,1.1,4,1,,,,,0,,83.7,0.3,45.3,50,0,1.3,
1348312,Jacob Evans,Sporting JAX,1737991,Eastern,midfielders,CM,7,28,1997-12-12,England,178,50000,,10,73,234,,,,,,,,,2,,,,,,,,,,,,,,,,,,,,,,,0.8,,,,,
941737,Wan Kuzain,Sporting JAX,1737991,Eastern,midfielders,"RW,CDM,CM",8,28,1998-09-14,Malaysia,178,57700,,21,83|64|73,1204,6.67,4,,0.3,1.3,0.5,28.6,,12,0.9,0.1,,,4.3,2,0.6,1.6,0.1,2.5,0.4,,1.9,6,,,,,,0,0,88.5,0.9,44.4,100,22.2,1.5,
495686,Edgardo Rito,Sporting JAX,1737991,Eastern,midfielders,"RM,RB,RWB",12,30,1996-02-17,Venezuela,173,52635,,18,72|32|51,1296,6.64,,3,,0.5,0.3,24.2,5,25,1.4,0.6,2,,3.1,0.6,1,1,0.4,3.5,0.2,,0.4,2,,,,,,0,,81.7,1.7,64.5,33.3,0,1.7,
305454,Jean Mota,Sporting JAX,1737991,Eastern,midfielders,"CM,CAM,RW",14,32,1993-10-15,Brazil,168,144683,,8,77|85|103,632,,,2,,,,,2,18,,,,,,,,,,,,,,3,,,,,,,,,2.6,,,,,
1658520,Ezekiel Soto,Sporting JAX,1737991,Eastern,midfielders,CAM,17,19,2007-01-14,USA,175,,,6,85,261,,,,,,,,,3,,,1,,,,,,,,,,,,,,,,,,,,1,,,,,
1562361,Rafferty Pedder,Sporting JAX,1737991,Eastern,midfielders,"RW,CM,CAM,LM",19,24,2002-04-06,England,173,98351,,20,103|77|85|78,1166,6.73,3,2,0.23,1.9,0.8,17.8,7,21,1,0.9,2,1,2.2,1.2,0.5,0.5,0.1,2.8,0.6,,1.3,2,,,,,,0,0,74,1.6,38.2,57.1,12,1.4,0.8
1530723,Jack Proctor,Sporting JAX,1737991,Eastern,midfielders,,23,18,2008-06-08,USA,185,,,,,,,,,,,,,,,,,,,,,,,,,,,,,,,,,,,,,,,,,,
1026054,Thomas Roberts,Sporting JAX,1737991,Eastern,midfielders,"LW,RM,LM,CDM,CM",24,25,2001-05-11,USA,185,65556,,12,107|72|78|64|74,654,,,,,,,,,4,,,,,,,,,,,,,,,,,,,,,,,0.6,,,,,
1975687,Ethan Underwood,Sporting JAX,1737991,Eastern,midfielders,,28,17,2009-08-19,USA,175,,,,,,,,,,,,,,,,,,,,,,,,,,,,,,,,,,,,,,,,,,
562876,Brem Soumaoro,Sporting JAX,1737991,Eastern,midfielders,CM,32,30,1996-08-08,Liberia,185,50000,,4,74,322,,,,,,,,,,,,,,,,,,,,,,,2,,,,,,,,,,,,,,
855399,Raheem Somersall,Sporting JAX,1737991,Eastern,midfielders,"CM,CDM",44,29,1997-07-05,St. Kitts and Nevis,178,50000,,18,74|66,853,6.51,,,,0.6,0.2,28.8,,3,1.5,0.4,,,5.7,2.6,1.6,1.2,0.3,4.6,0.2,,1.2,2,,,,,,0,,81.3,0.3,43.8,66.7,0,3,
1727106,Adam Luckhurst,Sporting JAX,1737991,Eastern,attackers,ST,9,24,2002-06-27,USA,183,106518,,8,105,77,,,1,,,,,,1,,,1,,,,,,,,,,,,,,,,,,,,1.2,,,,,
614458,Kieran Sadlier,Sporting JAX,1737991,Eastern,attackers,"LW,CM,RW",10,32,1994-09-14,Republic of Ireland,178,50000,,25,107|77|103,1504,6.83,10,1,0.6,2,1,21.7,5,20,1.1,0.8,3,,1.8,0.6,0.7,0.5,,3.4,0.4,,1,1,,,,,,0,3,79,1.2,41.3,36.8,29.4,1.9,
1727104,Ahmad Al Qaq,Sporting JAX,1737991,Eastern,attackers,"ST,RM,RW,RWB,LM,LW",11,24,2002-02-20,Palestine,185,65183,,20,106|72|103|51|78|107,1017,6.48,3,1,0.27,1.8,0.6,16.6,3,9,0.9,1.2,4,,2,0.9,0.4,0.6,0.1,3.5,0.4,,1.7,4,,,,,,0,0,70.9,0.8,43.5,33.3,15,1.8,
1075184,Emil Jääskeläinen,Sporting JAX,1737991,Eastern,attackers,ST,16,25,2001-03-16,Finland,191,92160,,26,115,2281,6.87,7,5,0.28,2.2,0.9,13.5,5,20,0.4,0.4,13,1,1.9,0.4,0.2,1.1,0.3,1.4,0.2,,1.9,6,,,,,,2,0,65.1,0.8,50,73.3,12.3,1,2.5
1082254,Luc Granitur,Sporting JAX,1737991,Eastern,attackers,RW,26,23,2003-01-12,USA,178,59463,,5,103,103,,,,,,,,,,,,,,,,,,,,,,,1,,,,,,,,,,,,,,
1172893,Sebastián Mora-Mora,El Paso Locomotive FC,1003209,Western,keepers,GK,1,28,1998-04-14,Mexico,185,50000,,8,11,653,,,,,,,,,,,,,,,,,,,,,,,,,1,,,,,,,,,,,,
1735919,Pedro,El Paso Locomotive FC,1003209,Western,keepers,GK,4,22,2004-03-05,Brazil,188,,,3,11,270,,,,,,,,,,,,,,,,,,,,,,,,,1,,,,,,,,,,,,
1172158,Trace Alphin,El Paso Locomotive FC,1003209,Western,keepers,GK,33,23,2002-10-04,USA,188,,,,,,,,,,,,,,,,,,,,,,,,,,,,,,,,,,,,,,,,,,
848040,Abraham Romero,El Paso Locomotive FC,1003209,Western,keepers,GK,99,28,1998-02-18,Mexico,191,50000,,16,11,1417,6.59,,,,,,17.1,,1,,0.1,,,1.8,0.1,,1.8,,9.1,,,,,,5,56.4,1.4,1.1,1,,70.2,0.1,,100,,,
1240356,Nicolás Cardona,El Paso Locomotive FC,1003209,Western,defenders,"CB,RB,RM",2,27,1999-02-11,Puerto Rico,183,151912,,15,33|32|72,957,6.84,,1,,0.2,0.1,31.2,1,9,2.6,,,,7.4,1.9,1.1,3.9,0.6,3,0.4,,0.4,1,,,,,,0,,79.6,0.8,43.1,,0,0.8,
1107287,Carl Sainté,El Paso Locomotive FC,1003209,Western,defenders,"CB,CAM,CDM",8,24,2002-08-09,Haiti,182,69402,,12,35|86|64,374,,1,,,,,,,3,,,,,,,,,,,,,,1,,,,,,,0,,0.7,,,,,
1259935,Ricky Ruiz,El Paso Locomotive FC,1003209,Western,defenders,"LB,LM,RW",12,29,1996-11-04,USA,170,50000,,21,38|78|103,1175,6.49,,1,,0.7,0.2,33.6,3,15,3.9,,1,,5.6,1,0.8,3.6,0.2,3.1,0.2,1,2,4,,,,,,0,,78.4,1.1,47.7,,0,1.1,
1455534,Noah Dollenmayer,El Paso Locomotive FC,1003209,Western,defenders,CB,15,26,1999-10-26,Dominican Republic,193,102594,,16,36,978,6.57,1,,0.09,0.5,0.1,36.4,,1,2.5,,,,8,0.7,1.2,5.3,0.7,2.2,0.1,,1.7,3,,,,,,1,0,83,0.1,42.9,,20,1.1,
1250345,Álvaro Quezada,El Paso Locomotive FC,1003209,Western,defenders,"RB,RM,RWB,RW",18,27,1999-03-04,USA,175,50000,,18,32|72|51|82,1109,6.7,1,1,0.08,0.8,0.3,29.5,5,16,1.9,0.7,,1,4.5,2.1,1.6,0.6,0.1,2.9,0.2,,1,2,,,,,,1,0,74.7,1.3,39.3,42.9,10,1.1,1.1
890403,Kofi Twumasi,El Paso Locomotive FC,1003209,Western,defenders,"CB,RB",21,30,1996-08-30,USA,185,50000,,18,34|32,1444,6.92,,1,,0.4,0.1,32.7,1,3,1.9,0.2,,,7.4,1,1.7,4.3,0.4,3,,,0.6,4,,,,,,0,,84,0.2,34.9,80,0,,
1078650,Guillermo Diaz,El Paso Locomotive FC,1003209,Western,defenders,RB,23,30,1995-10-16,USA,170,50000,,9,32,188,,,,,,,,1,3,,,,,,,,,,,,,,,,,,,,,,,1.4,,,,,
418257,Arturo Ortíz,El Paso Locomotive FC,1003209,Western,defenders,CB,25,34,1992-08-25,Mexico,183,50000,,19,35,1314,6.98,,2,,0.9,0.1,45.7,1,6,5.8,0.6,1,,9.7,1.9,1.5,5.8,0.5,3.4,,,1.2,8,1,,,,,1,,83.4,0.4,53.8,90,0,,
1724673,Kenneth Hoban,El Paso Locomotive FC,1003209,Western,defenders,RB,29,17,2009-04-29,USA,188,337974,,11,32,499,,,1,,,,,1,2,,,1,,,,,,,,,,,1,,,,,,,,,0.4,,,,,
1793923,Joseluis Villagomez,El Paso Locomotive FC,1003209,Western,defenders,,77,19,2007-03-01,USA,170,,,,,,,,,,,,,,,,,,,,,,,,,,,,,,,,,,,,,,,,,,
731364,Tony Alfaro,El Paso Locomotive FC,1003209,Western,defenders,CB,93,33,1993-06-15,Mexico,187,50000,,24,37,1968,6.84,1,,0.05,0.3,0,50.3,,5,4.3,0.1,,,8.3,1,0.7,5.7,0.9,3.4,,,1.1,3,,,,,,1,1,86.4,0.2,49.7,37.5,16.7,,
1448105,Daniel Gomez,El Paso Locomotive FC,1003209,Western,midfielders,"CM,CDM,CAM",5,26,2000-05-07,USA,175,79264,,20,74|64|86,533,6.36,,,,0.7,,31.4,,4,1.5,0.3,,,3.7,1.5,0.5,1.7,,3.5,0.3,,0.7,1,,,,,,0,,87.7,0.7,64.3,66.7,0,1.9,
805770,Eric Calvillo,El Paso Locomotive FC,1003209,Western,midfielders,"CM,CAM,CDM",6,28,1998-01-02,El Salvador,170,50000,,25,76|85|66,2013,6.96,3,4,0.13,1.4,0.4,34.2,2,26,2.5,0.1,1,1,3.2,1.1,0.6,1.1,0.4,3.5,0.5,,1.2,6,1,,,,,0,0,83.6,1.2,61.3,25,9.7,1.9,1.2
1170999,Gabi Torres,El Paso Locomotive FC,1003209,Western,midfielders,"LM,LWB,CDM,LW,LB",16,30,1996-08-01,Brazil,178,,,22,78|68|67|87|38,1640,7.08,1,1,0.05,1.2,0.3,29.4,4,16,1.3,1.1,1,1,5.7,2.3,1.5,1.8,0.1,3.7,0.2,1,2,4,1,,,,,0,0,80.2,0.9,34.8,47.6,4.8,2.1,2.2
936528,Alex Méndez,El Paso Locomotive FC,1003209,Western,midfielders,"RW,CAM,CDM,CM",19,26,2000-09-06,USA,180,72360,,24,103|84|66|73,1848,7.55,9,4,0.44,2.5,1.1,26.7,8,46,2.4,0.7,1,,3.4,1.9,0.5,0.9,,3.7,0.6,,1.2,4,,,,,,5,3,83.7,2.2,70,65.2,17.3,2,
1059463,Robert Coronado,El Paso Locomotive FC,1003209,Western,midfielders,"CM,CDM",30,30,1996-08-03,USA,173,50000,,24,74|65,1681,6.65,,1,,0.5,0.1,35.1,2,14,2.7,0.4,,,3.9,1,0.9,1.7,0.3,4.4,0.5,,1.5,3,1,,,,,0,,86.9,0.7,56.8,53.8,0,2.5,
2026834,Abdiel Guzman,El Paso Locomotive FC,1003209,Western,midfielders,,74,17,2008-10-07,USA,180,,,,,,,,,,,,,,,,,,,,,,,,,,,,,,,,,,,,,,,,,,
2026835,Xzavier Rede,El Paso Locomotive FC,1003209,Western,midfielders,,78,17,2009-02-16,USA,180,,,,,,,,,,,,,,,,,,,,,,,,,,,,,,,,,,,,,,,,,,
1078226,Zyen Jones,El Paso Locomotive FC,1003209,Western,attackers,LW,7,26,2000-08-25,USA,181,144684,,6,88,117,,,1,,,,,1,1,,,,,,,,,,,,,,1,,,,,,,,,0.8,,,,,
1358427,Diego Abitia,El Paso Locomotive FC,1003209,Western,attackers,ST,9,23,2003-04-16,Mexico,183,178726,,15,115,350,,2,,0.51,2.6,1,16.5,,,0.8,0.5,1,,2.8,0.8,0.3,1.8,,2.6,0.5,,2.8,3,1,,,,,,0,74.4,,100,66.7,20,1.3,
431435,Amando Moreno,El Paso Locomotive FC,1003209,Western,attackers,"LW,ST,LM",10,31,1995-09-10,El Salvador,170,50000,,22,107|106|79,1560,7.15,6,4,0.35,2.9,1.3,16.7,4,24,0.6,0.9,6,2,1.6,0.7,0.2,0.6,0.1,4.4,0.9,,1.8,3,,,,,,1,0,75.5,1.4,30.3,44.4,12,2.5,1.9
1621324,Jimmy Farkarlun,El Paso Locomotive FC,1003209,Western,attackers,"RW,RM,LW",11,25,2001-07-14,Liberia,170,,,12,82|72|107,472,,1,1,,,,,,9,,,1,,,,,,,,,,,,,,,,,,0,,1.7,,,,,
1078028,Roberto Avila,El Paso Locomotive FC,1003209,Western,attackers,"RW,ST,CAM",13,25,2000-10-16,USA,170,89995,,19,103|104|86,776,6.61,2,,0.23,2.7,1.2,16.6,,8,0.8,0.9,2,,5.9,3.6,0.7,1.5,0.1,3.7,0.5,,2.4,2,,,,,,0,0,73.7,0.9,41.2,30.8,8.7,1.7,
570980,Rubio Rubín,El Paso Locomotive FC,1003209,Western,attackers,"ST,LW",14,30,1996-03-01,Guatemala,183,73916,,23,105|87,1958,7.57,16,4,0.74,3.1,1.4,15.3,4,32,0.5,0.4,11,1,1.5,0.1,0.1,1.1,0.1,2.1,0.6,,1,1,,,,,,6,2,78.9,1.5,47.8,47.1,23.9,1.4,1.1
1724677,Omar Mora,El Paso Locomotive FC,1003209,Western,attackers,RW,28,22,2004-03-03,USA,175,,,10,83,171,,,,,,,,1,2,,,,,,,,,,,,,,1,,,,,,,,,1.1,,,,,
2297330,Cristobal Fernandez,El Paso Locomotive FC,1003209,Western,attackers,,91,35,1991-01-27,Mexico,178,,,,,,,,,,,,,,,,,,,,,,,,,,,,,,,,,,,,,,,,,,
1168844,Kristopher Shakes,New Mexico United,1003208,Western,keepers,GK,13,25,2001-04-27,USA,180,,,23,11,2070,7.48,,,,,,36,,,,,,,1.7,0.1,,1.7,,11.1,,,,5,,8,77.4,4.2,1.2,4,,76.8,,,,,,
1252224,Andrew Pannenberg,New Mexico United,1003208,Western,keepers,GK,33,28,1998-09-21,USA,188,,,,,,,,,,,,,,,,,,,,,,,,,,,,,,,,,,,,,,,,,,
2119828,Edwin Ortiz,New Mexico United,1003208,Western,keepers,,54,17,2009-04-29,USA,178,,,,,,,,,,,,,,,,,,,,,,,,,,,,,,,,,,,,,,,,,,
1252101,Raiko Arozarena,New Mexico United,1003208,Western,keepers,GK,56,29,1997-03-27,Cuba,185,50000,,2,11,180,,,,,,,,,,,,,,,,,,,,,,,,,,,,,,,,,,,,,
662981,Niko Hämäläinen,New Mexico United,1003208,Western,defenders,"CB,LB,RB",2,29,1997-03-05,Finland,183,60396,,25,36|38|32,2179,6.92,,5,,0.2,0.1,58.7,4,18,4.6,0.2,,,6.2,1.1,0.5,3.9,0.7,2.2,0,,0.7,3,,,,,,1,,89.3,0.7,57.5,57.1,0,0.9,
1054030,Christopher Gloster,New Mexico United,1003208,Western,defenders,LB,3,26,2000-07-28,USA,180,103747,,25,38,2097,6.91,,3,,0.4,0.2,37,2,13,1.6,0.6,,,4.6,1.4,0.7,2.3,0.3,3,0.2,,0.7,5,,,,,,0,,84.9,0.6,37.6,51.9,0,1.2,
1339430,Kipp Keller,New Mexico United,1003208,Western,defenders,CB,4,26,2000-07-14,USA,188,95207,,21,34,1665,7.17,4,,0.22,0.9,0.3,50.6,1,5,3.5,0.1,2,,10.6,0.5,0.8,7.7,1.6,2.6,0.1,,0.7,4,,,,,,2,0,89.7,0.3,56.1,50,25,0.8,
1171307,Jake LaCava,New Mexico United,1003208,Western,defenders,RB,17,25,2001-01-12,USA,183,84531,,19,32,1006,6.63,,2,,1.3,0.4,28.4,2,11,0.7,0.3,,,5.8,1.7,0.7,3,0.4,4,0.4,,0.4,1,,,,,,0,,85.3,1,36.4,33.3,0,0.6,
501040,Tyler Blackett,New Mexico United,1003208,Western,defenders,CB,24,32,1994-04-02,England,191,50000,,13,34,407,,,,,0.2,,45.6,,1,2,0.2,1,,8.2,0.9,0.7,5.7,0.9,2.4,0.2,,1.1,4,,,,,,,,89.6,0.2,39.1,100,0,0.9,
1420380,Maliek Howell,New Mexico United,1003208,Western,defenders,"RB,CB",27,27,1999-01-27,Jamaica,188,50000,,16,32|34,945,6.68,1,,0.1,0.4,0.1,42.6,,3,2.3,0.5,1,,7.4,0.7,1.5,4.4,0.9,3.3,,2,1.7,4,,,,,,0,0,86.5,0.3,38.1,62.5,25,,
481387,Gedion Zelalem,New Mexico United,1003208,Western,midfielders,"CDM,CM",6,29,1997-01-26,USA,180,50000,,15,66|76,505,6.45,,,,0.2,,63.3,,2,4.8,0.2,,,6.4,2.9,1.2,1.4,0.9,3.9,0.2,,1.2,3,,,,,,0,,89,0.4,57.4,33.3,0,2,
1082057,Marlon Vargas,New Mexico United,1003208,Western,midfielders,CAM,8,25,2001-01-12,El Salvador,168,106698,,1,85,4,,,,,,,,,1,,,,,,,,,,,,,,,,,,,,,,,22.5,,,,,
1460330,Ousman Jabang,New Mexico United,1003208,Western,midfielders,"CDM,CM,RB,CAM",15,25,2001-03-24,USA,191,100659,,25,64|73|32|85,2179,7.24,2,4,0.08,1.3,0.5,36.8,7,26,2.1,0.7,4,,4.5,1.4,0.9,1.9,0.4,4.4,0.3,2,1.6,8,,,,,,0,0,85.3,1.1,53.2,72,6.3,2.6,
1339365,Sofiane Djeffal,New Mexico United,1003208,Western,midfielders,CDM,18,27,1999-04-19,France,178,50000,,1,66,14,,,,,,,,,,,,,,,,,,,,,,,,,,,,,,,,,,,,,
1075639,Zico Bailey,New Mexico United,1003208,Western,midfielders,"CDM,CM,CAM",19,26,2000-08-27,Philippines,170,95207,,22,66|77|95,1935,7.01,3,2,0.14,0.9,0.2,44.3,3,18,1.7,0.2,1,,3,0.9,1,0.9,0.2,3.1,0.3,,1.5,10,,,,,,2,0,89.7,0.8,54.5,25,15,1.8,
959425,Valentin Noël,New Mexico United,1003208,Western,midfielders,"CAM,ST,CDM",21,27,1999-04-27,France,175,51590,,16,85|106|64,1242,6.94,3,3,0.22,1.6,0.6,23.3,3,16,2,0.4,1,,1.4,0.5,0.2,0.7,,1.5,0.1,,1,3,,,,,,1,0,81.9,1.2,77.8,37.5,13.6,0.8,
1172876,Cullen Wilkerson,New Mexico United,1003208,Western,midfielders,"CDM,CM",28,22,2004-09-07,USA,183,,,18,64|76,513,6.37,,,,0.5,0.4,34.2,,4,1.6,0.5,,,4.7,1.4,0.9,2.3,0.2,3.9,,,1.8,3,,,,,,0,,82.3,0.7,30,33.3,0,,
2181028,Winston Starr,New Mexico United,1003208,Western,midfielders,,61,18,2008-05-07,USA,183,,,,,,,,,,,,,,,,,,,,,,,,,,,,,,,,,,,,,,,,,,
1172427,Dayonn Harris,New Mexico United,1003208,Western,attackers,LW,5,29,1997-08-29,Antigua and Barbuda,165,50000,,19,87,1088,7.03,4,6,0.33,2.3,1,14.7,7,21,0.8,0.8,4,,0.9,0.2,0.3,0.2,0.1,2.8,0.3,,0.8,1,,,,,,0,0,74.2,1.7,43.5,45.5,14.3,1.9,
1240864,Niall Reid-Stephen,New Mexico United,1003208,Western,attackers,"RW,LW,CAM",7,25,2001-09-08,Barbados,185,88740,,22,83|87|86,1562,7.27,6,1,0.35,2.3,0.7,21,8,32,0.5,1.6,2,1,2,0.6,0.6,0.7,,3.3,0.8,,1.2,1,,,,,,1,1,80.2,1.8,47.1,50.9,15,1.5,1.9
1026140,Justin Rennicks,New Mexico United,1003208,Western,attackers,ST,9,27,1999-03-20,USA,178,62697,,19,115,560,6.21,1,,0.16,1.4,0.2,15.8,1,5,0.6,,2,,1.9,0.6,0.2,0.6,0.5,2.1,0.2,,3.2,1,,,,,,0,0,79.7,0.8,100,,11.1,1.4,
632285,Greg Hurst,New Mexico United,1003208,Western,attackers,"ST,CAM,CM",10,29,1997-04-08,Scotland,183,58346,,25,115|85|75,1945,7.14,10,3,0.46,2.6,1.1,18.4,8,27,1.2,0.6,9,1,2,0.6,0.3,0.9,0.1,2.4,0.5,,1.6,6,,,,,,4,2,80.7,1.2,57.8,50,17.5,1.3,0.7
1272104,Cristian Nava,New Mexico United,1003208,Western,attackers,"RW,LW",11,23,2003-09-02,USA,160,141696,,21,83|87,720,6.55,1,1,0.13,0.8,0.1,15.6,1,5,0.4,0.4,,,4.8,2.6,1.1,0.9,0.1,2.5,0.3,1,1.5,4,,,,,,0,0,71.8,0.6,18.8,60,16.7,1,
1057932,Charlie Dennis,New Mexico United,1003208,Western,attackers,"RW,CAM,LW",14,31,1995-09-28,England,187,50000,,19,103|85|87,1007,6.66,1,1,0.09,2.1,0.4,26.4,4,18,2.1,0.4,1,,1.8,0.9,0.1,0.7,0.1,3.8,0.4,,2.2,3,1,,,,,0,0,77.2,1.6,52.2,26.3,4.4,1.9,
1005796,Luther Archimède,New Mexico United,1003208,Western,attackers,ST,29,27,1999-09-17,Guadeloupe,188,50000,,19,115,650,6.41,2,1,0.28,1.9,0.6,6.6,,3,0.3,,5,,3.2,0.6,0.6,1.9,0.1,1.2,0.3,,2.9,5,,,,,,0,0,71.6,0.4,66.7,,14.3,0.8,
1780460,Joseph Quiah,New Mexico United,1003208,Western,attackers,,31,21,2004-10-29,Liberia,180,,,,,,,,,,,,,,,,,,,,,,,,,,,,,,,,,,,,,,,,,,
1079451,Danny Vitiello,Sacramento Republic FC,521004,Western,keepers,GK,1,30,1996-03-06,USA,188,50000,,25,11,2250,6.94,,,,,,15.8,,,,,,,1,,,1,,8.8,,,,2,,9,71.8,2.2,0.9,0,,65.3,,,,,,
1615772,Jacob Randolph,Sacramento Republic FC,521004,Western,keepers,GK,31,25,2001-04-09,USA,196,50000,,,,,,,,,,,,,,,,,,,,,,,,,,,,,,,,,,,,,,,,,
1997450,Brooks Doolittle,Sacramento Republic FC,521004,Western,keepers,,44,18,2008-07-12,USA,191,,,,,,,,,,,,,,,,,,,,,,,,,,,,,,,,,,,,,,,,,,
1170733,Jack Gurr,Sacramento Republic FC,521004,Western,defenders,"RB,RWB",2,30,1995-11-26,England,173,72000,,18,32|62,1535,7.17,1,4,0.06,1.1,0.4,27.3,6,24,3.3,0.4,2,1,4.6,0.9,0.8,2.6,0.3,2.2,,1,0.8,,,,,,,2,0,73.9,1.4,45.2,30,5.6,,1.1
1195444,Ryan Spaulding,Sacramento Republic FC,521004,Western,defenders,"LB,RB,LWB,LM",3,28,1998-09-10,USA,173,50000,,16,38|32|59|78,956,6.65,,1,,0.5,0.1,23,4,10,0.5,0.8,,,3.2,0.9,0.4,1.6,0.3,3,0.3,,1.2,1,,,,,,0,,78,0.9,20,33.3,0,1.7,
556023,Lee Desmond,Sacramento Republic FC,521004,Western,defenders,"CB,LB",4,31,1995-01-22,Republic of Ireland,185,50000,,25,36|38,2205,7.27,1,,0.04,0.6,0.2,53.6,1,8,2.7,0.1,,,8,0.8,1.3,5.3,0.7,4.1,0,1,0.9,2,,,,,,0,0,84.4,0.3,35.5,66.7,6.7,2,
1172907,Jared Timmer,Sacramento Republic FC,521004,Western,defenders,CB,5,29,1997-04-29,USA,183,50000,,17,34,1397,7.09,2,1,0.13,0.9,0.2,55.8,1,2,2.8,,,,5.3,1,0.3,3.5,0.4,2.9,0.1,,0.5,1,,,,,,1,0,89,0.1,40.7,,14.3,1.1,
1246735,Freddy Kleemann,Sacramento Republic FC,521004,Western,defenders,CB,6,27,1999-03-19,USA,193,72000,,12,34,911,,1,,,,,,1,1,,,,,,,,,,,,1,,4,,,,,,,0,,0.1,,,,,
1320050,Aaron Essel,Sacramento Republic FC,521004,Western,defenders,"CB,CM,RB,CDM,LB",15,21,2005-07-30,Ghana,175,203120,,18,34|75|32|64|38,692,,1,,0.13,0.5,0.3,39,,4,3.9,0.8,,,8.3,1.8,1.7,4.6,0.3,4.3,0.3,1,2.3,8,,,,,,,0,80.6,0.5,51.7,75,25,2.5,
458997,Tim Leibold,Sacramento Republic FC,521004,Western,defenders,LB,21,32,1993-11-30,Germany,178,122348,,8,38,418,,,,,,,,,5,,,,,,,,,,,,,,,,,,,,,,,1.1,,,,,
772825,Michelle Benítez,Sacramento Republic FC,521004,Western,defenders,"LB,LWB,LM",22,30,1996-02-12,Mexico,168,72000,,12,38|68|78,1070,,3,1,,,,,1,15,,,4,,,,,,,,,1,,3,,,,,,,2,,1.3,,,,,
1921663,Rohan Chivukula,Sacramento Republic FC,521004,Western,defenders,,42,19,2007-05-29,USA,188,,,,,,,,,,,,,,,,,,,,,,,,,,,,,,,,,,,,,,,,,,
1938739,Reid Paskey,Sacramento Republic FC,521004,Western,defenders,,43,18,2008-06-04,USA,185,,,,,,,,,,,,,,,,,,,,,,,,,,,,,,,,,,,,,,,,,,
621886,Memo Rodríguez,Sacramento Republic FC,521004,Western,midfielders,"CAM,ST",8,30,1995-12-27,USA,173,107580,,18,85|104,1542,7.66,4,6,0.23,2.3,0.5,33.2,9,51,2.5,1,4,,2.5,1.1,0.5,0.9,0.1,3.3,0.5,,1.2,2,,,,,,3,1,81,3,55.3,60.7,10,1.9,
632748,Mark-Anthony Kaye,Sacramento Republic FC,521004,Western,midfielders,CDM,18,31,1994-12-02,Canada,188,386367,,15,66,1148,7.39,1,2,0.08,0.9,0.2,40.9,1,14,2.4,0.8,2,1,6.2,3.2,1,1.5,0.5,5.4,0.4,1,1.8,3,,,,,,2,0,83.9,1.1,57.4,45.5,9.1,2.6,1.5
1644458,Alfredo Midence,Sacramento Republic FC,521004,Western,midfielders,"RW,RM",19,24,2002-06-29,Honduras,175,50867,,17,83|72,562,6.51,,,,2.9,1.1,21.8,1,9,0.8,1.4,3,,3.2,2.1,0.6,0.5,,3.5,0.3,,2.1,1,,,,,,0,,76.8,1.4,35.7,45,0,1.9,
1520638,Blake Willey,Sacramento Republic FC,521004,Western,midfielders,"RW,CM,CDM,CAM",20,19,2007-04-28,USA,170,530546,,20,83|74|66|85,1253,6.54,1,,0.07,1.4,0.4,22.4,,7,1.1,0.2,,,2.4,1.1,0.4,0.8,0.1,2.6,0.1,,1.3,3,,,,,,0,0,80.2,0.5,51.6,27.3,5,1.9,
1626273,Pep Casas,Sacramento Republic FC,521004,Western,midfielders,CDM,24,26,2000-06-20,Spain,175,,,,,,,,,,,,,,,,,,,,,,,,,,,,,,,,,,,,,,,,,,
1073942,Danny Crisostomo,Sacramento Republic FC,521004,Western,midfielders,"CDM,CM",27,29,1997-01-16,USA,176,50000,,22,64|76,1661,6.97,,1,,0.6,0.2,51,1,6,1.9,0.3,2,,4.6,2,1.4,1,0.2,3.4,0.3,,1.5,7,,,,,,0,,89.9,0.3,44.3,54.5,0,1.9,
1178821,Mayele Malango,Sacramento Republic FC,521004,Western,attackers,"LW,LM,RM",7,29,1997-02-25,Malawi,185,50000,,22,87|78|72,1422,6.48,1,1,0.06,1.8,0.3,14.4,4,18,0.2,1.8,3,,1.2,0.5,0.2,0.3,0.3,3.1,0.9,,1.3,2,,,,,,0,0,71.9,1.1,60,33.7,3.6,1.5,
1056536,Arturo Rodríguez,Sacramento Republic FC,521004,Western,attackers,"RW,CAM,LW,ST",10,27,1998-12-15,USA,173,52582,,18,83|85|87|104,956,6.86,1,3,0.09,1.6,0.6,27.7,3,15,0.7,0.3,,,2.8,1.5,0.9,0.4,,3.5,0.7,,1,3,,,,,,1,0,77.2,1.4,36.8,27.3,5.9,1.6,
1600917,Forster Ajago,Sacramento Republic FC,521004,Western,attackers,ST,11,25,2001-08-16,Ghana,188,83192,,17,115,1059,6.47,3,1,0.25,1.8,0.8,10.4,2,9,0.2,0.3,5,,2,0.2,0.2,1.4,0.3,2.1,0.3,,2.2,3,1,,,,,0,0,68.5,0.8,40,40,14.3,1.4,
1166552,Tyler Wolff,Sacramento Republic FC,521004,Western,attackers,"ST,RW,RM",16,23,2003-02-13,USA,175,124152,,17,115|83|71,882,6.63,4,,0.41,1,0.7,18.4,,6,1.2,1.1,2,,1.3,0.9,0.1,0.3,,2.3,0.6,,1.6,1,,,,,,1,0,80.4,0.6,75,57.9,40,1.2,
1169331,Cal Jennings,Sacramento Republic FC,521004,Western,attackers,ST,26,29,1997-05-17,USA,180,104880,,6,115,307,,1,,,,,,,5,,,2,,,,,,,,,,,,,,,,,,0,,1.5,,,,,
647068,Kyle Edwards,Sacramento Republic FC,521004,Western,attackers,ST,71,29,1997-01-15,St. Vincent and the Grenadines,185,50000,,23,115,593,6.6,7,3,1.06,4.9,2,7.4,2,6,0.2,0.3,3,,2.6,0.6,0.2,1.7,0.2,1.2,0.5,,1.5,,,,,,,0,0,57,0.9,20,28.6,21.9,0.6,
838225,Logan Ketterer,Lexington SC,1430405,Western,keepers,GK,1,32,1993-11-09,USA,191,50000,,,,,,,,,,,,,,,,,,,,,,,,,,,,,,,,,,,,,,,,,
1448069,Oliver Semmle,Lexington SC,1430405,Western,keepers,GK,17,28,1998-03-28,Germany,193,97968,,26,11,2340,6.73,,,,,,23.9,,3,,0,,,0.8,0,,0.8,,6.3,,,,2,,9,65.2,2.3,1.2,0,,79.2,0.1,,100,,,
1083232,Brooks Thompson,Lexington SC,1430405,Western,keepers,GK,31,24,2002-05-28,USA,193,96760,,,,,,,,,,,,,,,,,,,,,,,,,,,,,,,,,,,,,,,,,
1921045,Garrett Addams,Lexington SC,1430405,Western,keepers,,40,18,2008-03-25,USA,185,,,,,,,,,,,,,,,,,,,,,,,,,,,,,,,,,,,,,,,,,,
1190665,Jacob Greene,Lexington SC,1430405,Western,defenders,"LB,RB",2,23,2003-03-23,Trinidad and Tobago,173,99450,,23,38|32,1912,6.78,1,1,0.05,0.6,0.1,31.5,3,14,1,0.4,2,,4.5,1.4,1,1.6,0.4,3,0.1,,1.3,5,,,,,,0,0,85.3,0.7,38.6,42.9,8.3,1.2,
1338616,Kendall Burks,Lexington SC,1430405,Western,defenders,CB,5,26,1999-10-08,USA,188,85192,,24,34,2108,6.76,,,,0.3,0,40.4,,1,2.4,,1,,7,0.7,0.7,5.1,0.5,2.9,0.1,,0.8,3,,,,,,0,,85.8,0,42.5,,0,1.1,
1440019,Xavier Zengue,Lexington SC,1430405,Western,defenders,"RB,RW",12,25,2001-03-21,USA,183,101998,,24,32|83,1890,6.97,3,2,0.14,0.8,0.2,24.2,7,17,0.9,0.5,5,,6.7,2,1.6,2.5,0.6,2.7,0.3,1,1.9,4,,,,,,1,0,79.7,0.8,35.8,41.7,18.8,0.9,
1921044,Andrew Caborn,Lexington SC,1430405,Western,defenders,,14,18,2008-05-21,USA,178,,,1,1,1,,,,,,,,,,,,,,,,,,,,,,,,,,,,,,,,,,,,,
1238237,Marqes Muir,Lexington SC,1430405,Western,defenders,RB,21,24,2002-09-21,England,185,,,4,32,120,,1,,,,,,,,,,,,,,,,,,,,,,,,,,,,0,,,,,,,
876136,Javain Brown,Lexington SC,1430405,Western,defenders,"CB,LB",23,27,1999-03-09,Jamaica,178,160892,,25,36|38,1812,6.77,,,,0.4,0.1,45.3,,1,2.8,0,2,,7.4,0.6,1.2,5.2,0.3,2.9,,,0.9,2,1,,,,,0,,86.4,0,40.7,25,0,,
2164866,Brady Stockton,Lexington SC,1430405,Western,defenders,,24,18,2008-04-17,USA,,,,,,,,,,,,,,,,,,,,,,,,,,,,,,,,,,,,,,,,,,,
1136639,Patrick Seagrist,Lexington SC,1430405,Western,defenders,"LWB,LB,LM",98,28,1998-02-21,USA,183,124416,,3,59|38|79,32,,,,,,,,,,,,,,,,,,,,,,,1,,,,,,,,,,,,,,
731870,Aaron Molloy,Lexington SC,1430405,Western,midfielders,"CDM,CM",6,29,1997-01-11,Republic of Ireland,175,50000,,23,66|76,2070,7.64,4,6,0.17,2,0.6,58.8,6,35,6.8,0.3,,,6.3,1.8,1.6,2.2,0.7,6.3,0.3,,0.6,4,,,,,,4,0,85.9,1.5,62.5,47.1,8.9,3.4,
1026160,Nick Firmino,Lexington SC,1430405,Western,midfielders,"CAM,RW,ST,CDM",8,25,2001-01-30,Brazil,180,96943,,25,85|83|106|64,1750,7.18,5,6,0.26,2.5,0.8,27.2,9,30,0.5,1.1,9,,2.7,1.1,0.9,0.7,,3.8,0.5,,0.8,2,,,,,,1,0,83.1,1.5,31.3,58.3,10.4,2.6,
1468886,Cielo Tschantret,Lexington SC,1430405,Western,midfielders,CM,13,20,2006-02-22,USA,188,445494,,5,73,72,,1,,,,,,,,,,1,,,,,,,,,,,,,,,,,,0,,,,,,,
1016092,Noble Okello,Lexington SC,1430405,Western,midfielders,"ST,CAM,CDM,CM",15,26,2000-07-20,Uganda,195,79264,,22,115|86|66|76,1550,6.63,1,,0.06,1.3,0.4,20.4,,8,1.6,0.3,2,,3.8,1.4,1.3,0.9,0.2,3.3,0.3,,2,3,,,,,,0,0,76.9,0.5,50.9,54.5,4.4,2,
1346890,Blaine Ferri,Lexington SC,1430405,Western,midfielders,"CDM,CM,CAM",16,26,2000-09-29,USA,178,95207,,26,64|74|95,2186,7.53,3,8,0.12,0.9,0.3,44.9,12,59,3.7,0.6,2,,3.7,1.4,1.3,0.7,0.2,5.1,0.5,,0.6,3,,,,,,4,0,87.9,2.4,63.2,58.3,14.3,2.8,
1188643,Braudílio Rodrigues,Lexington SC,1430405,Western,midfielders,"CAM,LW,LM,ST",27,26,1999-11-15,Guinea-Bissau,185,85192,,12,85|87|78|115,724,,3,2,,,,,3,8,,,2,,,,,,,,,1,,,,,,,,,0,,1,,,,,
1997564,Trenton Kutch,Lexington SC,1430405,Western,midfielders,,28,19,2007-09-21,USA,183,,,,,,,,,,,,,,,,,,,,,,,,,,,,,,,,,,,,,,,,,,
769782,Luís Felipe,Lexington SC,1430405,Western,midfielders,CM,96,30,1996-01-29,USA,188,72000,,,,,,,,,,,,,,,,,,,,,,,,,,,,,,,,,,,,,,,,,
825666,Marcus Epps,Lexington SC,1430405,Western,attackers,"LW,RM,LWB,RW,LM",7,31,1995-01-16,USA,183,89660,,26,87|72|68|83|78,2155,7.39,7,5,0.29,2,0.9,20.8,10,45,0.7,1.7,2,,2,0.8,0.5,0.7,,3.9,0.3,,0.6,,,,,,,1,0,77.3,1.9,38.6,47.7,14.6,2.4,
1134448,Phillip Goodrum,Lexington SC,1430405,Western,attackers,ST,9,29,1997-06-20,USA,180,50000,,24,115,2108,7.16,11,3,0.47,3,1.4,11,7,24,0.7,0.6,12,,1,0.5,0,0.3,0.1,1.7,0.4,,2.5,8,,,,,,3,0,71.6,1,70.8,50,15.5,0.9,
1351047,Tarik Scott,Lexington SC,1430405,Western,attackers,ST,19,21,2005-04-23,Jamaica,183,297930,,20,115,456,6.48,3,,0.59,2.2,1,13.6,4,8,,1.4,3,1,3.8,3,0.6,0.2,,5.1,1,,3.2,4,,,,,,0,0,63.9,1.6,,43.8,27.3,3.2,1.6
1447918,Milo Yosef,Lexington SC,1430405,Western,attackers,LW,20,28,1998-09-11,Germany,191,50000,,9,87,101,,,,,,,,,2,,,,,,,,,,,,,,1,,,,,,,,,1.8,,,,,
1935080,Jonathan Stout,Lexington SC,1430405,Western,attackers,,26,22,2003-10-13,USA,178,,,,,,,,,,,,,,,,,,,,,,,,,,,,,,,,,,,,,,,,,,
1403414,Malcolm Fry,Lexington SC,1430405,Western,attackers,RW,34,21,2005-05-15,USA,175,278880,,7,83,355,,1,1,,,,,2,5,,,,,,,,,,,,,,1,,,,,,,0,,1.3,,,,,
825619,Jonathan Lewis,Lexington SC,1430405,Western,attackers,LW,77,29,1997-06-04,USA,170,65966,,5,87,102,,,,,,,,,2,,,1,,,,,,,,,,,,,,,,,,,,1.8,,,,,
1257972,Alex Rando,Orange County SC,267813,Western,keepers,GK,1,25,2001-04-15,USA,193,90119,,26,11,2340,6.84,,,,,,16.7,,1,,,,,1.7,0,,1.6,,8.5,,2,0.1,1,,7,67.5,3.2,1.5,4,,61,0,,,,,
1645554,Tetsuya Kadono,Orange County SC,267813,Western,keepers,GK,31,25,2000-10-20,Japan,191,50000,,,,,,,,,,,,,,,,,,,,,,,,,,,,,,,,,,,,,,,,,
2119830,Jack Gentile,Orange County SC,267813,Western,keepers,,33,18,2008-04-16,USA,185,,,,,,,,,,,,,,,,,,,,,,,,,,,,,,,,,,,,,,,,,,
1642676,Grayson Doody,Orange County SC,267813,Western,defenders,RB,2,24,2002-03-20,USA,178,81685,,7,32,273,,,,,,,,,2,,,,,,,,,,,,,,,,,,,,,,,0.7,,,,,
1338699,Nico Benalcázar,Orange County SC,267813,Western,defenders,"CB,LB,CM,CDM,RB",4,25,2001-06-06,USA,184,100409,,22,34|38|74|64|32,1947,7.17,3,1,0.14,0.6,0.2,37.4,1,12,2.2,0.3,1,,7,2.1,0.7,3.9,0.3,4.4,0.1,,1.5,,,,,,,2,0,86.4,0.6,52.7,50,21.4,1.8,
858006,Tom Brewitt,Orange County SC,267813,Western,defenders,CB,5,29,1997-02-11,England,183,50000,,26,34,2340,6.73,1,,0.04,0.7,0.1,42.1,1,4,3,0.1,1,,8.9,0.7,0.7,6.5,1.1,2.7,,1,1,7,,,,,,1,0,86.4,0.2,44,50,5.9,,
1170742,Garrison Tubbs,Orange County SC,267813,Western,defenders,CB,6,24,2002-02-17,USA,191,171018,,22,36,1831,6.86,2,,0.1,0.5,0.2,33.7,,2,2.1,0.4,1,,9.5,1.2,1.6,6,0.7,2,,,0.9,5,1,,,,,0,0,85.1,0.1,40.6,72.7,20,,
1781044,Tyson Espy,Orange County SC,267813,Western,defenders,"CB,RB",15,17,2009-04-03,USA,188,451128,,15,36|32,681,,1,1,0.13,0.4,0.1,43.3,,2,1.1,0.1,,,4.6,0.8,0.5,3.3,,3.3,,1,1.2,1,,,,,,,0,86.8,0.3,26.7,50,33.3,,
924434,Jaylin Lindsey,Orange County SC,267813,Western,defenders,RB,16,26,2000-03-27,USA,178,213054,,5,32,390,,,,,,,,,1,,,,,,,,,,,,,,,,,,,,,,,0.2,,,,,
1503398,Mouhamadou War,Orange County SC,267813,Western,defenders,RB,21,26,2000-04-04,Japan,175,96854,,14,32,943,,,1,,0.2,,25.2,,12,1.3,0.8,,,5.9,0.8,1.3,3.4,0.4,3.6,0.2,,1.6,1,,,,,,,,76.3,1.1,35,44.4,0,1.5,
739732,Ryan Doghman,Orange County SC,267813,Western,defenders,LB,23,29,1997-06-14,Norway,180,50000,,19,38,1393,6.47,,1,,0.4,0.1,21.4,3,9,1.4,0.5,,,4.7,1.3,0.6,2.5,0.3,2.6,0.1,,1.2,1,,,,,,0,,74.2,0.6,31.8,38.1,0,0.7,
2042058,Finn O'Brien,Orange County SC,267813,Western,defenders,CB,28,17,2008-10-16,USA,185,,,,,,,,,,,,,,,,,,,,,,,,,,,,,,,,,,,,,,,,,,
1769553,Nicola Ciotta,Orange County SC,267813,Western,defenders,RB,32,20,2006-07-21,USA,180,125254,,8,32,349,,,2,,,,,1,3,,,,,,,,,,,,,,2,,,,,,,,,0.8,,,,,
1614618,Ousmane Sylla,Orange County SC,267813,Western,midfielders,"CAM,ST,CM",8,25,2001-08-07,Senegal,173,100721,,24,85|104|73,1638,6.94,5,1,0.27,1.4,0.5,27.6,5,19,1.2,1.3,5,,3.2,2.2,0.5,0.5,,3.7,0.3,,2,3,,,,,,1,0,84.4,1,70,41.8,19.2,2.5,
1138504,Christopher Hegardt,Orange County SC,267813,Western,midfielders,"LM,LW",10,24,2002-01-06,USA,175,283586,,26,78|87,2011,7.06,3,5,0.13,1.6,0.4,25.2,8,34,2.1,0.6,1,,2.2,0.9,0.3,0.9,0.1,3.4,0.3,,1.3,3,,,,,,2,0,87.3,1.5,69.6,42.4,8.3,1.6,
1136257,Marcelo Palomino,Orange County SC,267813,Western,midfielders,"ST,CM,RM",18,25,2001-05-21,USA,173,83439,,17,106|74|72,794,6.74,,2,,1.1,0.2,30.5,4,14,1.9,1.4,,,3.2,1.1,1,0.8,0.2,3.7,0.3,,1.6,3,,,,,,0,,85.4,1.6,60.7,66.7,0,2,
937937,Kevin Partida,Orange County SC,267813,Western,midfielders,"CDM,CM",19,31,1995-03-10,USA,175,50000,,9,65|74,587,,,,,,,,,3,,,,,,,,,,,,,,,,,,,,,,,0.5,,,,,
1804503,Efren Solis,Orange County SC,267813,Western,midfielders,"CDM,CM",25,18,2008-05-13,USA,175,,,15,64|74,921,6.71,1,,0.1,0.3,0.1,36.2,,3,2.9,0.5,,,7,1.6,0.8,3.6,1.1,4.5,0.1,,1.3,3,,,,,,0,0,82,0.3,58.8,62.5,33.3,2.4,
955005,Stephen Kelly,Orange County SC,267813,Western,midfielders,"CM,CDM,CAM",27,26,2000-04-13,Scotland,178,70291,,26,76|66|86,2209,6.93,3,1,0.12,1,0.2,34.5,5,41,3.8,0.3,,,4,0.5,0.6,2.5,0.4,3.1,0.4,,0.8,5,,,,,,1,0,79.6,1.7,47.7,57.1,12.5,1.6,
2221959,Paul Ngoie,Orange County SC,267813,Western,midfielders,,50,19,2007-04-16,USA,,,,1,2,45,,,,,,,,,,,,,,,,,,,,,,,,,,,,,,,,,,,,,
1760451,Sydney Wathuta,Orange County SC,267813,Western,attackers,"ST,CM,CAM,LM",7,22,2004-06-11,Canada,191,,,3,104|76|86|78,184,,,,,,,,,1,,,1,,,,,,,,,,,,,,,,,,,,0.5,,,,,
738060,Ethan Zubak,Orange County SC,267813,Western,attackers,ST,9,28,1998-04-15,USA,185,79124,,19,106,641,6.24,,1,,0.7,0.1,18,,5,0.4,,1,,3.7,0.4,0.1,3.1,,1.5,0.3,,1.5,1,,,,,,0,,72.7,0.7,60,,0,1,
1472288,Lyam MacKinnon,Orange County SC,267813,Western,attackers,"ST,RW,RM",11,27,1999-09-25,Switzerland,185,61554,,22,115|83|72,1568,6.68,4,,0.23,2.6,1,10,2,9,0.6,0.6,7,,2.2,1.1,0.2,0.8,0.1,1.9,0.2,,1.3,3,,,,,,0,0,60,0.5,37.9,37.9,8.7,1.1,
1634983,Yaniv Bazini,Orange County SC,267813,Western,attackers,"ST,CAM,RW",12,27,1999-07-16,Israel,188,87129,,23,115|85|82,1401,7.01,9,2,0.58,2.4,1,9.1,3,15,0.1,0.4,4,,2.7,1,0.6,0.9,0.3,1.3,0.1,,1,,,,,,,3,1,66.5,1,18.2,40,23.7,0.8,
1439802,Brandon Cambridge,Orange County SC,267813,Western,attackers,RW,14,24,2002-02-09,Canada,183,81921,,11,83,331,,,1,,,,,,5,,,,1,,,,,,,,,,1,,,,,,,,,1.4,,,,,3.5
1756472,Jamir Johnson,Orange County SC,267813,Western,attackers,"LW,RW",17,18,2008-07-07,USA,175,472520,,9,87|82,362,,,1,,,,,1,4,,,,,,,,,,,,,,,,,,,,,,,1,,,,,
1299720,Mataeo Bunbury,Orange County SC,267813,Western,attackers,RW,20,21,2005-06-13,Canada,185,428483,,10,83,276,,1,,,,,,,2,,,,,,,,,,,,,,,,,,,,,0,,0.7,,,,,
1780592,Apolo Marinch,Orange County SC,267813,Western,attackers,RW,22,16,2010-04-28,USA,183,,,5,82,213,,,,,,,,,,,,,,,,,,,,,1,,,,,,,,,,,,,,,,
2140685,Elijah Nelson,Orange County SC,267813,Western,attackers,,29,0,,USA,178,,,,,,,,,,,,,,,,,,,,,,,,,,,,,,,,,,,,,,,,,,
2068689,Joaquin Castro,Orange County SC,267813,Western,attackers,CDM,30,17,2008-10-07,USA,178,,,2,64,3,,,,,,,,,,,,,,,,,,,,,,,,,,,,,,,,,,,,,
2068688,Jerome Carter,Orange County SC,267813,Western,attackers,,35,17,2008-10-01,USA,178,,,1,3,52,,,,,,,,,,,,,,,,,,,,,,,,,,,,,,,,,,,,,
1082233,Christian Herrera,Colorado Springs Switchbacks FC,614321,Western,keepers,GK,1,29,1997-04-20,Mexico,201,50000,,12,11,1080,,,,,,,,,,,,,,,,,,,,,,,1,,3,,,,,,,,,,,,
1257960,Colin Shutler,Colorado Springs Switchbacks FC,614321,Western,keepers,GK,22,28,1998-08-02,USA,185,82944,,14,11,1260,6.11,,,,,,24.1,,2,,,,,0.8,,,0.8,,8.3,,,,,,2,50,1.4,1.4,0,,78.2,0.1,,,,,
2096676,Samuel Jones,Colorado Springs Switchbacks FC,614321,Western,keepers,GK,30,25,2001-07-13,USA,191,,,,,,,,,,,,,,,,,,,,,,,,,,,,,,,,,,,,,,,,,,
1899033,Jabari De Coteau,Colorado Springs Switchbacks FC,614321,Western,defenders,"RB,RWB",3,21,2005-03-22,Grenada,185,,,3,32|51,257,,,1,,,,,,2,,,2,,,,,,,,,,,,,,,,,,,,0.7,,,,,
945641,Matt Mahoney,Colorado Springs Switchbacks FC,614321,Western,defenders,"CB,RB",5,31,1995-04-17,USA,180,,,23,36|32,1610,6.65,,,,0.4,0.1,47.7,,7,3.5,0.2,1,,7.9,1,0.8,5.6,0.4,3.8,0.2,,0.4,,,,,,,0,,85.4,0.4,47.3,60,0,2.1,
1341149,Isaiah Foster,Colorado Springs Switchbacks FC,614321,Western,defenders,LB,12,23,2003-08-12,USA,183,79951,,13,38,760,,1,1,0.12,0.8,0.2,25,2,4,0.8,0.2,,,6.5,2.1,2.1,2.3,,3.6,0.1,,1.1,3,,,,,,,0,73,0.5,19.4,40,14.3,1.3,
649744,Duke Lacroix,Colorado Springs Switchbacks FC,614321,Western,defenders,"LB,RB,CB",14,32,1993-10-14,Haiti,175,50000,,7,38|32|36,441,,,,,,,,,4,,,,,,,,,,,,,,1,,,,,,,,,0.8,,,,,
1450959,Aidan Rocha,Colorado Springs Switchbacks FC,614321,Western,defenders,"RB,LB",18,25,2000-12-25,USA,175,112791,,21,32|38,1775,6.88,,2,,0.9,0.2,34,3,26,2.6,0.4,1,,4.3,1,1.3,1.7,0.3,3.9,0.3,,1.1,3,,,,,,1,,83.1,1.3,48.6,46.7,0,1.7,
1286428,Garven Metusala,Colorado Springs Switchbacks FC,614321,Western,defenders,CB,23,26,1999-12-31,Haiti,186,53805,,17,36,1199,6.69,2,,0.15,0.7,0.4,43.2,,5,2.6,0.2,,,6.9,0.8,0.9,4.7,0.6,3.8,0.1,,1,,1,,,,,0,0,89,0.4,46.6,60,22.2,1.7,
1302830,Talen Maples,Colorado Springs Switchbacks FC,614321,Western,defenders,"CB,RB",24,27,1998-11-20,USA,183,81614,,25,34|32,2094,6.6,,2,,0.5,0,43.2,3,7,4.3,0.2,3,,5.7,0.6,0.8,3.7,0.6,3.1,,,0.6,1,,,,,,1,,83.8,0.3,47.2,57.1,0,,
802493,Patrick Burner,Colorado Springs Switchbacks FC,614321,Western,defenders,"RB,LB",97,30,1996-04-11,Martinique,170,72000,,17,32|38,1264,6.8,,,,1.1,0.1,24.5,3,15,2.3,0.8,,,5,1.6,1.4,1.9,0.1,4,0.1,,1.6,5,,,,,,0,,74.3,1.1,33.7,61.1,0,2.2,
1269365,Sam Williams,Colorado Springs Switchbacks FC,614321,Western,midfielders,"CDM,CM",6,21,2005-03-18,USA,178,268564,,22,65|73,1445,7.04,,3,,0.7,0.2,41.6,2,31,1.6,0.3,,,3.9,1.1,1,1.3,0.5,4.4,0.4,,0.7,1,,,,,,0,,87.1,1.9,50,71.4,0,2.7,
1252846,Frank Daroma,Colorado Springs Switchbacks FC,614321,Western,midfielders,"CDM,CAM,CM",8,25,2001-04-12,Sierra Leone,163,94400,,21,65|86|73,1028,6.64,,2,,1.2,0.2,37.1,1,4,1.6,0.6,,,3.3,1.6,1.2,0.4,0.1,5.4,0.6,,1.2,1,,,,,,0,,90.4,0.4,64.3,46.7,0,3.2,
1026083,Adrien Pérez,Colorado Springs Switchbacks FC,614321,Western,midfielders,"RW,CAM",10,30,1995-10-13,USA,180,104387,,23,83|84,1508,7.2,6,2,0.36,3.6,1,18.8,3,54,0.8,1.7,4,,2,1.1,0.4,0.4,0.1,3.5,1,,1.3,2,,,,,,4,0,75,3.2,50,51.9,10,2,
1252220,Steven Echevarria,Colorado Springs Switchbacks FC,614321,Western,midfielders,"CDM,CAM,CM",13,30,1996-04-09,Puerto Rico,175,59349,,14,66|84|77,510,,,1,,0.5,0.2,27.4,,5,0.9,0.4,,,3.9,1.8,1.1,1.1,,3.2,0.5,,1.2,1,,,,,,,,83.8,0.9,33.3,40,0,1.9,
1058359,Tyreek Magee,Colorado Springs Switchbacks FC,614321,Western,midfielders,CAM,21,27,1999-08-27,Jamaica,180,72000,,10,84,304,,1,1,,,,,1,12,,,,,,,,,,,,,,1,,,,,,,0,,3.6,,,,,
1520240,Brennan Creek,Colorado Springs Switchbacks FC,614321,Western,midfielders,"CAM,CDM,CM",37,26,2000-07-06,USA,175,67094,,25,86|64|75,1686,6.98,1,,0.05,1,0.2,33.1,3,30,1.3,0.3,,,4.3,1.5,1.5,1.1,0.2,3.3,0.4,,1.2,6,,,,,,0,0,80.5,1.6,36.9,50,5.6,2,
1921662,Dane Valenti,Colorado Springs Switchbacks FC,614321,Western,midfielders,CM,51,18,2007-10-31,USA,168,,,,,,,,,,,,,,,,,,,,,,,,,,,,,,,,,,,,,,,,,,
671835,Speedy Williams,Colorado Springs Switchbacks FC,614321,Western,midfielders,"CDM,CM",80,34,1992-04-08,Jamaica,173,82944,,14,66|74,793,6.63,,,,1,0.1,43.6,,5,2.4,0.3,,,2.4,0.7,0.5,1,0.2,4.2,0.1,,1.2,2,,,,,,0,,89.1,0.6,75,60,0,2.7,
538520,Jonas Fjeldberg,Colorado Springs Switchbacks FC,614321,Western,attackers,"LW,RW",7,28,1998-09-30,Norway,178,50000,,24,87|82,931,6.87,6,,0.58,4.2,1.8,16.2,,12,0.9,1.6,5,1,2.7,1.7,0.4,0.6,,3.4,0.8,,1.5,,,,,,,0,0,77.4,1.2,52.9,37.8,14,1.9,3.5
1408628,Bryce Jamison,Colorado Springs Switchbacks FC,614321,Western,attackers,"RM,RW,LW,CAM",11,20,2006-01-06,USA,183,566954,,7,72|103|88|84,446,,,1,,,,,2,3,,,1,,,,,,,,,,,,,,,,,,,,0.6,,,,,
1886516,Sadam Masereka,Colorado Springs Switchbacks FC,614321,Western,attackers,"LW,RW",17,22,2004-09-09,Uganda,175,129838,,23,88|82,988,6.62,1,4,0.09,2.8,0.3,16.4,3,26,0.6,1.7,1,2,2,1.5,0.2,0.4,,4.2,1.1,,1.7,5,,,,,,1,0,75,2.4,35,36.5,3.2,1.9,1.5
1348316,Yosuke Hanya,Colorado Springs Switchbacks FC,614321,Western,attackers,"LW,RW",20,27,1999-01-30,Japan,173,125562,,16,87|82,930,6.76,1,2,0.1,1.6,0.6,15.3,4,13,0.6,1.5,3,2,1.6,1.1,0.1,0.5,,3.3,0.6,,2.5,1,,,,,,0,0,77.1,1.3,66.7,34.8,5.9,2.1,3.3
1079287,Elvis Amoh,Colorado Springs Switchbacks FC,614321,Western,attackers,ST,25,34,1992-02-02,Ghana,191,135838,,8,105,133,,1,,,,,,,,,,,,,,,,,,,,,,,,,,,,0,,,,,,,
1048898,Juan Tejada,Colorado Springs Switchbacks FC,614321,Western,attackers,"ST,CAM",27,29,1997-01-14,Panama,170,105576,,22,115|85,949,6.55,3,1,0.28,2.3,0.6,15.8,2,9,0.5,0.9,1,,2,0.7,0.7,0.5,0.2,2.3,0.4,,2.6,4,,,,,,1,0,81.1,0.9,55.6,43.5,12.5,1.4,
1946334,Griffin Price,Colorado Springs Switchbacks FC,614321,Western,attackers,,52,20,2006-05-06,USA,175,,,,,,,,,,,,,,,,,,,,,,,,,,,,,,,,,,,,,,,,,,
2119829,Jesus Sandoval,Colorado Springs Switchbacks FC,614321,Western,attackers,,55,20,2006-08-01,Colombia,178,,,,,,,,,,,,,,,,,,,,,,,,,,,,,,,,,,,,,,,,,,
1928364,Rashed Jahan,Colorado Springs Switchbacks FC,614321,Western,attackers,RW,70,21,2005-07-26,Afghanistan,175,,,,,,,,,,,,,,,,,,,,,,,,,,,,,,,,,,,,,,,,,,
940300,Khori Bennett,Colorado Springs Switchbacks FC,614321,Western,attackers,ST,90,28,1997-12-13,Jamaica,183,72000,,25,115,2098,6.93,14,,0.6,3,1,7.6,1,19,0.2,0.3,6,2,0.9,0.2,0,0.6,0,1.2,0.7,,1.8,2,,,,,,2,6,73.3,0.8,36.4,31.6,20.3,0.6,1.8
638991,Alexander Tambakis,FC Tulsa,614325,Western,keepers,GK,1,33,1992-12-08,Greece,191,50000,,10,11,900,,,,,,,,,,,,,,,,,,,,,,,,,4,,,,,,,,,,,,
1381135,Dane Jacomen,FC Tulsa,614325,Western,keepers,GK,28,25,2001-02-25,USA,193,73007,,15,11,1350,6.88,,,,,,11.9,,,,,,,0.8,,,0.8,,9.5,,,,1,,6,76.6,2.4,0.7,2,,53.8,,,,,,
2090272,Noah Adams,FC Tulsa,614325,Western,keepers,,99,18,2008-01-25,USA,180,,,,,,,,,,,,,,,,,,,,,,,,,,,,,,,,,,,,,,,,,,
1355679,Delentz Pierre,FC Tulsa,614325,Western,defenders,"CB,CDM,CM",4,26,2000-09-16,Haiti,185,236459,,20,37|64|76,1226,6.82,3,1,0.22,0.9,0.5,30,,5,2,0.1,2,,5.4,0.9,1,2.9,0.6,2.8,0.1,,1,5,,,,,,1,0,80.7,0.4,38.6,66.7,25,1,
923977,Lucas Stauffer,FC Tulsa,614325,Western,defenders,"LWB,RB,RM,RWB,LB,LM",12,31,1995-04-21,USA,170,50000,,24,59|32|72|51|38|78,1693,6.75,,,,0.6,0.2,19.4,5,19,1.6,0.4,,1,3.5,1.1,0.8,1.4,0.1,3.6,0.9,,0.8,6,,,,,,1,,67.5,1,28.4,33.3,0,1.1,1.1
860075,Lamar Batista,FC Tulsa,614325,Western,defenders,CB,15,28,1998-03-07,USA,196,50000,,20,37,1558,7,2,,0.12,0.6,0.2,31.7,,3,3.8,0.5,2,,7.7,1.3,1,5,0.4,3.1,0.1,,1.7,9,,,,,,1,0,75.1,0.2,38.6,66.7,18.2,0.8,
1715116,Wilson Eisner,FC Tulsa,614325,Western,defenders,"RB,RWB",23,24,2002-05-03,USA,183,207360,,6,32|62,365,,1,1,,,,,4,8,,,1,,,,,,,,,,,1,,,,,,,0,,2,,,,,
1913765,Alonzo Clarke,FC Tulsa,614325,Western,defenders,CB,25,23,2003-09-09,USA,191,,,13,35,657,,1,,0.14,0.4,0.1,22.1,,2,1.9,,,,7.5,1.8,1.1,4,0.7,1.2,,1,1.9,5,,,,,,,0,76.3,0.3,31.1,,33.3,,
1626133,Joel Sangwa,FC Tulsa,614325,Western,defenders,RWB,44,27,1999-05-03,USA,185,,,11,51,771,,,,,,,,1,9,,,,,,,,,,,,,,1,,,,,,,,,1.1,,,,,
793911,Harvey St Clair,FC Tulsa,614325,Western,defenders,"RWB,RB,RM,CB",47,27,1998-11-13,Scotland,178,50000,,10,62|32|72|33,662,,,,,,,,1,8,,,1,,,,,,,,,,,2,,,,,,,,,1.1,,,,,
1172998,Abdoulaye Cissoko,FC Tulsa,614325,Western,defenders,CB,91,26,1999-12-27,France,188,69250,,18,35,1460,6.91,,,,0.4,,35.4,,5,2.8,0.1,,,7.6,1,1.2,4.7,0.7,2.6,,,1.4,7,,,,,,0,,84.9,0.3,46.4,100,0,,
1712469,Ian,FC Tulsa,614325,Western,defenders,CB,98,28,1998-05-19,Brazil,185,,,22,33,1710,7.02,,3,,0.6,0.1,31.3,4,10,3.5,0.2,3,,6.8,1.7,1.4,3.4,0.3,3.7,0.1,,1.7,7,,,,,,1,,79,0.5,43.5,30,0,1.6,
1252869,Owen Damm,FC Tulsa,614325,Western,midfielders,"LM,LB,LWB",2,23,2003-08-22,USA,183,130356,,10,78|38|59,681,,1,2,,,,,1,9,,,,,,,,,,,,,,2,,,,,,,0,,1.2,,,,,
653590,Marcos Cerato,FC Tulsa,614325,Western,midfielders,CM,5,32,1994-02-08,Brazil,170,50000,,,,,,,,,,,,,,,,,,,,,,,,,,,,,,,,,,,,,,,,,
1356036,Boubacar Diallo,FC Tulsa,614325,Western,midfielders,CM,6,23,2002-12-09,Senegal,183,233339,,2,75,27,,,,,,,,,,,,,,,,,,,,,,,1,,,,,,,,,,,,,,
851104,Jamie Webber,FC Tulsa,614325,Western,midfielders,"CM,CAM,CDM,LW,RM",8,28,1998-01-12,South Africa,178,50000,,24,74|85|64|107|72,2067,7.49,3,4,0.13,1.4,0.5,26.5,7,36,2,0.8,,,5.3,2.5,1.1,1.4,0.3,5.1,0.7,,1.7,8,,,,,,4,2,79.9,1.6,55.4,52.9,9.4,2.8,
1613722,Jeorgio Kocevski,FC Tulsa,614325,Western,midfielders,"CM,CDM",13,24,2002-08-19,USA,185,107944,,24,76|66,2070,7.11,2,4,0.09,0.7,0.2,30.2,4,24,2,0.3,,,2.6,0.7,0.7,1,0.2,4.1,0.3,1,1.2,6,,,,,,0,0,80.4,1,51.7,57.1,13.3,2.4,
1171033,Bailey Sparks,FC Tulsa,614325,Western,midfielders,"RW,RM,CAM,LW",17,23,2002-12-30,USA,183,186624,,18,103|72|84|107,1278,6.6,2,1,0.14,1.2,0.3,14.1,1,14,0.2,0.4,2,,2.1,1,0.5,0.6,,2.4,0.4,,2,,,,,,,0,0,69.9,1,17.6,41.7,11.8,1.5,
1207848,Giordano Colli,FC Tulsa,614325,Western,midfielders,"CDM,CM,CAM",20,26,2000-03-12,Australia,178,61751,,18,66|76|86,716,6.23,,1,,0.5,,15.6,2,4,0.3,0.1,,,3,1,0.3,1.1,0.6,2.8,0.5,1,1.5,,,,,,,0,,69.7,0.5,22.2,50,0,1.8,
1364155,Stefan Lukić,FC Tulsa,614325,Western,midfielders,CAM,22,30,1996-06-01,Serbia,183,50000,,15,84,346,,,1,,3.9,0.8,18.7,1,6,0.5,1,2,,2.3,1.3,0.3,0.5,0.3,2.6,0.8,,1.3,1,,,,,,,,62.1,1.6,50,66.7,0,0.8,
1928446,Zion Siranga,FC Tulsa,614325,Western,midfielders,,27,18,2008-05-01,USA,185,,,4,2,14,,,,,,,,,,,,,,,,,,,,,,,,,,,,,,,,,,,,,
1171983,Grant Robinson,FC Tulsa,614325,Western,midfielders,"LWB,LB",31,28,1998-08-15,USA,175,50000,,5,68|38,423,,,,,,,,2,6,,,,,,,,,,,,,,1,,,,,,,,,1.3,,,,,
1259810,Rémi Cabral,FC Tulsa,614325,Western,attackers,ST,7,27,1999-07-10,France,188,62697,,20,105,965,6.52,5,1,0.47,2.8,0.9,8.6,1,8,0.3,0.3,2,,0.5,0.1,,0.2,0.2,1.4,0.6,,1.6,3,,,,,,1,0,74.2,0.7,60,23.1,16.7,0.7,
1269658,Arquímides Ordóñez,FC Tulsa,614325,Western,attackers,"ST,CAM,LM",9,23,2003-08-05,Guatemala,191,82608,,23,106|85|78,1145,6.57,6,,0.47,3.4,1.4,13.4,1,14,0.4,2.2,2,,2.1,1.3,0.4,0.5,,3.1,0.4,,3.1,4,,,,,,1,1,73.3,1.1,62.5,58.3,14,1.2,
1244942,Kalil ElMedkhar,FC Tulsa,614325,Western,attackers,"LW,LM,ST",10,27,1999-08-18,USA,183,67514,,20,87|78|105,973,6.49,2,1,0.18,1.6,0.6,10.8,3,8,0.5,0.9,7,,2.6,1.4,0.2,0.7,0.3,2.5,0.5,,0.8,2,,,,,,0,0,64.3,0.7,55.6,50,11.8,1.1,
1343607,Dylan Borczak,FC Tulsa,614325,Western,attackers,"RW,LW",11,27,1999-06-13,USA,178,207612,,1,83|87,61,,,,,,,,,,,,,,,,,,,,,,,,,,,,,,,,,,,,,
1060334,Logan Dorsey,FC Tulsa,614325,Western,attackers,"ST,CAM",14,24,2002-07-09,USA,185,97256,,22,115|86,1071,6.46,5,,0.42,2.3,0.9,10.1,1,9,0.3,0.3,7,,0.6,0.3,,0.3,,2.2,0.6,,1.3,3,,,,,,0,0,69.8,0.8,57.1,44.4,18.5,1,
1255515,Will Wilson,FC Tulsa,614325,Western,attackers,"LW,RW,CDM",66,24,2001-12-23,Kenya,170,,,7,87|83|66,229,,,,,,,,,1,,,,,,,,,,,,,,1,,,,,,,,,0.4,,,,,
254962,Richard Sánchez,San Antonio FC,722269,Western,keepers,GK,1,32,1994-04-05,Mexico,191,50000,,3,11,205,,,,,,,,,,,,,,,,,,,,,1,,1,,1,,,,,,,,,,,,
1727117,Daniel Namani,San Antonio FC,722269,Western,keepers,GK,31,29,1996-12-13,USA,183,103680,,,,,,,,,,,,,,,,,,,,,,,,,,,,,,,,,,,,,,,,,
1828190,Victor Velazquez,San Antonio FC,722269,Western,keepers,CM,50,18,2008-04-17,USA,175,,,,,,,,,,,,,,,,,,,,,,,,,,,,,,,,,,,,,,,,,,
1724710,Joseph Batrouni,San Antonio FC,722269,Western,keepers,GK,98,24,2002-09-13,USA,188,125162,,24,11,2133,6.82,,,,,,20,,,,,,,1.3,0,,1.3,,9,,1,0.1,4,1,8,71.1,2.5,1,2,,64.3,,,,,,
776966,Mitchell Taintor,San Antonio FC,722269,Western,defenders,CB,3,32,1994-09-11,USA,185,50000,,23,37,2051,6.96,,1,,0.7,0,50.6,,5,6.5,0.1,2,,6.9,1.1,1.6,3.7,0.5,3.8,0.2,,1.1,2,1,,,,,0,,83,0.2,55.6,40,0,1.1,
1175223,Nelson Flores,San Antonio FC,722269,Western,defenders,"LWB,LM",4,27,1999-08-17,El Salvador,170,52964,,19,59|78,889,6.66,,2,,1.1,0.1,26.5,1,13,1.3,0.3,,,5.3,1.9,0.3,2.6,0.4,3.3,0.1,,1.4,3,,,,,,0,,82.6,1.3,43.3,42.9,0,1.7,
952169,Alexis Souahy,San Antonio FC,722269,Western,defenders,CB,5,31,1995-01-13,Comoros,185,50000,,4,34,246,,,,,,,,,,,,1,,,,,,,,,,,,,,,,,,,,,,,,,
1025952,Akeem Ward,San Antonio FC,722269,Western,defenders,"RWB,RB,RM",13,30,1996-01-05,USA,170,72000,,25,51|32|72,2078,6.92,1,1,0.04,0.8,0.3,22.7,2,22,1,0.7,2,,5.6,1.9,1.6,1.7,0.3,4,0.2,2,1.6,9,,,,,,1,0,80.7,1,37.9,63,5.3,1.9,
760331,Daniel Barbir,San Antonio FC,722269,Western,defenders,CB,17,28,1998-01-31,USA,191,50000,,14,37,1139,6.85,1,1,0.08,0.3,0.1,46.1,,5,3.6,,1,,6.7,1.2,0.5,4.8,0.2,2.7,0.2,,1.2,3,,,,,,0,0,85.5,0.4,47.4,,25,0.9,
825695,Alex Crognale,San Antonio FC,722269,Western,defenders,CB,21,32,1994-08-27,USA,196,50000,,24,33,1990,7.19,4,,0.18,1.8,0.5,40.6,1,8,3.6,0.3,1,,7.7,1.2,1.4,4.5,0.5,3.8,0.2,,1.2,6,,,,,,3,0,83.9,0.4,50.6,63.6,10.3,1.9,
1026067,Emil Cuello,San Antonio FC,722269,Western,defenders,"LWB,LM",22,29,1997-01-02,Argentina,180,50000,,22,59|78,1638,7.05,3,2,0.16,1.6,0.3,24.1,1,13,0.9,0.5,,,6.1,2.4,1.4,2.3,0.1,4.6,0.3,,1.9,5,,,,,,1,0,78.2,0.7,33.3,33.3,10.3,1.9,
1026110,Rece Buckmaster,San Antonio FC,722269,Western,defenders,"RWB,RB,RM",23,30,1996-07-07,USA,173,50000,,4,51|32|72,225,,,,,,,,,2,,,,,,,,,,,,1,,,,,,,,,,,0.8,,,,,
1344756,Santiago Suárez,San Antonio FC,722269,Western,defenders,CB,43,21,2005-04-23,USA,195,,,20,35,1560,6.95,,,,0.5,0.1,42.9,1,4,2,0.1,1,,8.9,2.1,0.8,5.7,0.4,2.9,0.1,,1.4,1,,,,,,1,,89,0.2,44.2,50,0,0.8,
1921659,Ángel Mercado,San Antonio FC,722269,Western,defenders,,48,19,2007-09-06,Puerto Rico,175,,,,,,,,,,,,,,,,,,,,,,,,,,,,,,,,,,,,,,,,,,
1760419,Curt Calov,San Antonio FC,722269,Western,midfielders,CM,6,22,2003-11-11,USA,175,94228,,18,76,653,6.45,,,,1.8,0.1,37.6,,6,4.1,1.2,,,4,1.8,1.1,0.8,0.3,4.1,1,,1.2,2,,,,,,0,,83,0.8,71.4,52.9,0,1.9,
1197526,Nicky Hernandez,San Antonio FC,722269,Western,midfielders,"CM,CAM,RM,CDM",8,28,1998-09-21,USA,180,50000,,13,76|85|72|66,564,,1,,0.16,0.8,0.2,27.9,1,9,2.1,0.2,1,,3.7,1.1,1.6,0.5,0.5,4.8,0.8,,1.6,2,,,,,,,0,78.1,1.4,41.9,14.3,20,1.9,
971585,Jorge Hernández,San Antonio FC,722269,Western,midfielders,"LM,RM,LW,CAM,RW",10,25,2000-11-08,Mexico,170,66575,,25,78|72|107|85|83,2055,7.44,5,7,0.22,1.9,0.9,31.9,7,68,2.9,1,3,,1.8,1,0.7,0.1,,3.8,0.7,,1.4,10,,,,,,4,0,83,3,57.8,44,11.6,2.1,
1727112,Lucio Berrón,San Antonio FC,722269,Western,midfielders,"CM,CDM",14,24,2001-10-05,Argentina,185,95482,,16,74|64,964,6.52,,,,0.3,,23,,4,1.5,0.3,,,5.2,2.1,1.6,1.2,0.4,2.8,0.1,,3.3,2,1,,,,,0,,83.7,0.4,53.3,37.5,0,1.7,
1376134,Mikey Maldonado,San Antonio FC,722269,Western,midfielders,"CM,CDM",15,28,1998-07-02,USA,175,82944,,26,76|66,2146,6.99,,3,,0.3,0.1,35,3,35,3.1,0.4,,,2.9,1.2,0.6,0.8,0.3,4.3,0.4,,0.7,7,,,,,,0,,86.3,1.5,59.3,47.6,0,2.4,
934891,Cristian Parano,San Antonio FC,722269,Western,midfielders,"CAM,RW,RM,LM",19,27,1999-08-16,Argentina,165,99720,,23,84|103|72|78,1415,6.89,5,4,0.32,1.9,0.8,24.9,4,24,0.8,1.4,6,,0.8,0.4,0.3,0.1,,2.5,0.6,,0.6,3,,,,,,1,0,89.5,1.5,85.7,44.9,16.7,1.3,
1166264,Luke Haakenson,San Antonio FC,722269,Western,attackers,"RW,RM,ST",7,29,1997-09-10,USA,178,70202,,12,83|72|106,192,,,,,,,,,,,,,,,,,,,,,,,,,,,,,,,,,,,,,
1026107,Santiago Patiño,San Antonio FC,722269,Western,attackers,ST,9,29,1997-03-10,Colombia,185,50000,,18,115,737,6.02,,,,2.4,0.5,7.1,2,6,0.2,0.1,3,,1.1,0.5,,0.4,0.2,1.7,0.5,,3.1,3,1,,,,,0,,69.9,0.7,66.7,16.7,0,1.1,
1330000,Alex Greive,San Antonio FC,722269,Western,attackers,ST,11,27,1999-05-13,New Zealand,178,50000,,,,,,,,,,,,,,,,,,,,,,,,,,,,,,,,,,,,,,,,,
1435963,Luis Paredes,San Antonio FC,722269,Western,attackers,RW,32,25,2001-06-13,Colombia,180,204289,,2,83,66,,,,,,,,1,3,,,,,,,,,,,,,,,,,,,,,,,4.1,,,,,
1800681,Leonides Urrutia,San Antonio FC,722269,Western,attackers,LM,45,17,2008-11-17,USA,183,,,,,,,,,,,,,,,,,,,,,,,,,,,,,,,,,,,,,,,,,,
1355567,Diogo Pacheco,San Antonio FC,722269,Western,attackers,ST,70,28,1998-09-13,Portugal,180,50000,,11,105,279,,,,,,,,1,2,,,,,,,,,,,,,,2,,,,,,,,,0.6,,,,,
1601768,Lilian Ricol,San Antonio FC,722269,Western,attackers,ST,77,23,2002-10-23,France,191,,,5,115,164,,,,,,,,,4,,,1,,,,,,,,,,,,,,,,,,,,2.2,,,,,
1064711,Christian Sorto,San Antonio FC,722269,Western,attackers,"ST,RM",99,26,2000-01-19,El Salvador,180,136350,,21,115|72,1144,6.49,3,1,0.24,2.4,0.8,14.9,,9,0.9,0.2,,,0.9,0.3,0.2,0.3,,1.5,0.5,,1.1,3,,,,,,1,0,78.5,0.7,63.2,60,10,0.6,
533126,Kendall McIntosh,Oakland Roots SC,1130413,Western,keepers,GK,1,32,1994-01-24,USA,183,50000,,16,11,1377,6.81,,,,,,20.7,,,,,,,1.2,0.1,,1.1,,6.7,,1,0.1,2,,5,71.4,3.3,1.3,1,,76,,,,,,
2221958,Julian Escobar,Oakland Roots SC,1130413,Western,keepers,,32,23,2002-11-14,USA,185,,,,,,,,,,,,,,,,,,,,,,,,,,,,,,,,,,,,,,,,,,
198033,Raphael Spiegel,Oakland Roots SC,1130413,Western,keepers,GK,33,33,1992-12-19,Switzerland,196,50000,,11,11,963,,,,,,,,,,,,,,,,,,,,,,,1,1,1,,,,,,,,,,,,
2141086,Devon Taylor,Oakland Roots SC,1130413,Western,keepers,,87,17,2008-12-27,USA,185,,,,,,,,,,,,,,,,,,,,,,,,,,,,,,,,,,,,,,,,,,
1520643,David García,Oakland Roots SC,1130413,Western,defenders,CB,5,26,2000-08-23,Spain,185,67826,,14,34,1081,7.05,,1,,0.8,0.2,41.1,,5,4.2,,1,,11.5,1.1,0.7,9,0.7,2.9,,,1.5,3,,,,,,1,,82.2,0.4,46.3,,0,,
1919772,Jesús de Vicente,Oakland Roots SC,1130413,Western,defenders,"LB,RB",11,25,2000-12-23,Spain,180,94487,,24,38|32,1775,6.95,,5,,0.8,0.2,37.6,11,38,2.5,0.5,2,,5.1,1.8,1.2,1.7,0.4,4.7,0.3,,1.2,5,,,,,,2,,80,1.9,44.2,25,0,1.8,
675103,Neveal Hackshaw,Oakland Roots SC,1130413,Western,defenders,CB,15,31,1995-09-21,Trinidad and Tobago,185,50000,,21,36,1480,6.73,,1,,0.4,0.1,58.9,,5,5.1,0.2,1,,8.4,0.6,0.7,5.8,1.3,4.3,0.1,,0.5,3,1,,,,,1,,87,0.3,48.6,57.1,0,1.9,
1439996,Keegan Tingey,Oakland Roots SC,1130413,Western,defenders,RB,17,26,2000-08-17,USA,180,76476,,15,32,959,6.64,,1,,0.5,0.1,34.4,3,11,1.5,0.3,,,5.5,1.1,0.8,3.5,0.1,2.4,0.1,,0.9,4,,,,,,0,,78.1,1,29.6,30,0,1,
1675563,Mark Fisher,Oakland Roots SC,1130413,Western,defenders,"RB,CDM",20,25,2000-12-14,USA,178,66895,,9,32|64,658,,1,1,,,,,,2,,,,,,,,,,,,,,2,,,,,,,0,,0.3,,,,,
1366626,Julian Bravo,Oakland Roots SC,1130413,Western,defenders,"LB,CB",23,26,2000-09-30,USA,188,92386,,21,38|36,1111,6.8,1,,0.08,1.2,0.3,38.6,2,8,1.5,0.4,,,7,2.6,0.9,3,0.6,4.1,0.3,,1.5,1,,,,,,0,0,81.4,0.6,36,35.7,6.7,1.7,
1252225,Michael Edwards,Oakland Roots SC,1130413,Western,defenders,"CB,RB",34,25,2000-11-27,USA,192,80651,,23,34|32,2060,6.86,,1,,0.3,0.1,49.2,2,5,3.1,0.3,2,,6.9,1.3,0.5,4.5,0.6,3.4,0,,0.9,4,,,,,,0,,88.4,0.2,48.6,72.7,0,1.5,
1928454,Emilio Sorrosa,Oakland Roots SC,1130413,Western,defenders,CB,42,20,2006-03-06,USA,183,,,1,34,1,,,,,,,,,1,,,,,,,,,,,,,,,,,,,,,,,90,,,,,
1919767,Jonathan Polio,Oakland Roots SC,1130413,Western,defenders,,55,18,2007-10-08,El Salvador,170,,,,,,,,,,,,,,,,,,,,,,,,,,,,,,,,,,,,,,,,,,
2303358,Emiliano Arana,Oakland Roots SC,1130413,Western,defenders,,67,17,2008-10-11,USA,180,,,,,,,,,,,,,,,,,,,,,,,,,,,,,,,,,,,,,,,,,,
1168320,Bruno Lapa,Oakland Roots SC,1130413,Western,midfielders,"CAM,CM,LW,RW,LM,ST",2,29,1997-05-10,Brazil,178,50000,,18,85|74|107|103|78|115,1022,6.63,1,1,0.09,1.6,0.4,27.6,2,10,0.6,0.2,,,1.7,0.7,0.3,0.6,0.1,3.1,0.4,,0.8,,,,,,,0,0,84.8,0.9,63.6,25,5.6,2.1,
741993,Tommy McCabe,Oakland Roots SC,1130413,Western,midfielders,"CM,CDM",4,28,1998-04-04,USA,180,50000,,24,76|66,2021,6.81,,2,,0.8,0.1,65.7,2,16,3.3,,1,,3.7,0.5,0.7,2,0.4,4.1,0.3,,0.5,6,,,,,,0,,89.5,0.7,48.7,,0,2.1,
1242220,Bobosi Byaruhanga,Oakland Roots SC,1130413,Western,midfielders,"CM,CDM,CAM",6,24,2001-12-03,Uganda,178,71114,,24,74|64|85,1871,6.77,,1,,1,0.1,43.7,2,8,3.1,0.4,,,4.4,1.4,1.1,1.5,0.3,5.2,0.3,1,0.9,3,,,,,,1,,85.4,0.4,54.2,47.1,0,2.7,
768896,Florian Valot,Oakland Roots SC,1130413,Western,midfielders,"CAM,ST,LM,RW,CM",10,33,1993-02-12,France,180,50000,,20,85|104|78|83|76,1378,7.21,3,,0.2,1.3,0.5,50,4,31,1.7,0.5,2,,3.5,1.7,1,0.7,0.1,5.8,0.9,,0.9,3,,,,,,1,0,83.4,2,41.9,44.4,15,3.3,
756396,Tyler Gibson,Oakland Roots SC,1130413,Western,midfielders,"RB,CM,CDM,CB",12,35,1991-01-12,USA,173,50000,,19,32|76|65|55,827,6.54,,,,0.7,,35,,8,1.6,0.3,1,,4.2,0.9,1,2.1,0.3,3.5,0.1,,1.1,2,,,,,,0,,81.1,0.9,34.1,33.3,0,2,
1083234,Tucker Lepley,Oakland Roots SC,1130413,Western,midfielders,"RM,CDM,RW",21,24,2002-01-17,USA,170,84057,,16,72|64|83,491,,1,,0.18,1.6,0.7,43.3,,6,1.6,0.5,,,2,1.1,0.4,0.5,,3.8,0.2,,0.9,2,,,,,,,0,87.1,1.1,39.1,42.9,11.1,2.7,
1440011,Bertin Jacquesson,Oakland Roots SC,1130413,Western,midfielders,"RM,ST",27,25,2001-01-20,France,183,107863,,22,72|115,1366,6.7,3,2,0.2,1.8,0.5,13.6,3,14,0.3,1.5,2,,2.4,1.2,0.6,0.5,0.1,3.5,0.8,,1.1,,,,,,,0,0,68.7,0.9,27.8,46.9,11.1,2,
2101228,Etienne Lopez,Oakland Roots SC,1130413,Western,midfielders,,38,0,,USA,178,,,2,2,6,,,,,,,,,2,,,,,,,,,,,,,,,,,,,,,,,30,,,,,
2009300,Charlie Wachs,Oakland Roots SC,1130413,Western,midfielders,,51,16,2010-02-09,USA,170,,,,,,,,,,,,,,,,,,,,,,,,,,,,,,,,,,,,,,,,,,
2140684,Gavin Stone,Oakland Roots SC,1130413,Western,midfielders,,53,17,2009-03-27,USA,178,,,1,2,1,,,,,,,,,,,,,,,,,,,,,,,,,,,,,,,,,,,,,
1928453,Luka Rosic,Oakland Roots SC,1130413,Western,midfielders,,59,17,2008-12-17,USA,185,,,,,,,,,,,,,,,,,,,,,,,,,,,,,,,,,,,,,,,,,,
1285619,Wolfgang Prentice,Oakland Roots SC,1130413,Western,attackers,"LW,LM,ST,RW",7,26,2000-04-25,USA,183,112315,,26,87|78|106|83,2030,7.02,5,7,0.22,1.1,0.4,19.3,10,24,0.6,0.9,1,,2.7,1.6,0.5,0.5,0.2,3.6,0.6,,1.2,1,,,,,,1,0,80,1.1,40,29.6,20,1.9,
627857,Peter Wilson,Oakland Roots SC,1130413,Western,attackers,ST,9,29,1996-10-09,Liberia,183,78338,,23,115,1804,7.03,13,1,0.65,2.5,1.2,9.7,2,17,0.1,0.2,14,4,1.4,0.5,0,0.7,0.1,1.7,0.7,,1.6,2,,,,,,2,4,80.6,0.8,100,27.8,25.5,0.9,2.1
1921667,Jackson Kiil,Oakland Roots SC,1130413,Western,attackers,ST,19,23,2003-03-07,USA,191,74461,,19,106,223,,,,,3.2,0.8,7.7,,2,,0.4,3,,2,0.4,0.4,1.2,,0.4,,,2.8,,,,,,,,,59.4,0.8,,33.3,0,,
959244,Faysal Bettache,Oakland Roots SC,1130413,Western,attackers,"ST,CAM",77,26,2000-07-07,England,185,63819,,17,106|85,907,6.74,1,2,0.1,1.4,0.3,35.8,2,6,1.8,1.3,,,1.6,0.7,0.5,0.2,0.2,3.3,0.6,,0.4,,,,,,,0,0,80.9,0.6,32.7,65,7.1,1.8,
1179783,Danny Trejo,Oakland Roots SC,1130413,Western,attackers,"ST,RW,LM",99,28,1998-04-29,USA,175,50000,,21,106|83|78,849,6.36,2,,0.21,2.5,1.1,22,3,7,0.1,1.2,6,,1.5,0.8,0.2,0.4,,2.8,0.4,,2.3,2,1,,,,,0,0,80,0.7,20,42.3,8.3,1.3,
1067383,Triston Henry,Las Vegas Lights FC,915809,Western,keepers,GK,1,33,1993-09-08,Canada,183,50000,,5,11,436,,,,,,,,,,,,,,,,,,,,,,,,,1,,,,,,,,,,,,
1928363,Charlie Lanphier,Las Vegas Lights FC,915809,Western,keepers,GK,13,23,2003-07-07,USA,196,,,11,11,914,,,,,,,,,,,,,,,,,,,,,,,1,,2,,,,,,,,,,,,
1724704,Carver Miller,Las Vegas Lights FC,915809,Western,keepers,GK,96,22,2004-06-26,USA,192,,,,,,,,,,,,,,,,,,,,,,,,,,,,,,,,,,,,,,,,,,
2009303,Joshua Moya,Las Vegas Lights FC,915809,Western,keepers,,99,25,2001-05-29,USA,185,,,,,,,,,,,,,,,,,,,,,,,,,,,,,,,,,,,,,,,,,,
1610220,Nate Jones,Las Vegas Lights FC,915809,Western,defenders,CB,3,25,2001-08-23,USA,191,94143,,19,34,1358,6.75,,,,0.3,0.1,45.7,1,4,2.6,0.2,,,8,1.6,1.1,4.6,0.7,3.4,,1,1.2,1,,,,,,0,,87.8,0.3,46.4,100,0,,
1638563,Callum Stretch,Las Vegas Lights FC,915809,Western,defenders,"RB,CB",4,27,1999-09-18,Puerto Rico,193,,,,,,,,,,,,,,,,,,,,,,,,,,,,,,,,,,,,,,,,,,
1542157,Nyk Sessock,Las Vegas Lights FC,915809,Western,defenders,RB,6,26,2000-06-17,USA,170,78604,,16,32,1049,6.96,,3,,0.2,,32.9,6,17,1.7,0.1,,,5.4,2.1,0.9,2.1,0.3,3.2,0.1,,0.9,2,,,,,,1,,84.4,1.5,46.5,25,0,1.3,
1615816,Shawn Smart,Las Vegas Lights FC,915809,Western,defenders,RB,20,22,2004-02-24,USA,173,81005,,5,32,372,,,1,,,,,,2,,,,,,,,,,,,,,,,,,,,,,,0.5,,,,,
942835,Ben Ofeimu,Las Vegas Lights FC,915809,Western,defenders,CB,30,26,2000-09-30,USA,193,165711,,16,34,911,,,,,0.8,0.1,47.9,,,3.5,,1,,10.4,0.5,0.5,8.4,1,2.7,,,0.6,1,,,,,,,,86.9,,44.9,,0,,
729785,Aarón Guillén,Las Vegas Lights FC,915809,Western,defenders,CB,33,33,1993-06-23,Mexico,183,94069,,25,36,2115,6.86,1,,0.04,0.3,0.1,47.2,2,9,5.2,0.1,2,,7.1,0.9,0.7,4.7,0.8,3.6,0,,0.8,3,,,,,,0,0,87.1,0.4,53.5,100,14.3,1.3,
1252109,Blake Pope,Las Vegas Lights FC,915809,Western,defenders,"RB,LB",45,23,2003-04-11,USA,188,,,18,32|38,961,6.68,1,,0.09,0.8,0.1,39.9,,8,1,0.5,,,6,1.8,0.7,3.1,0.4,2.5,0.1,,0.8,3,,,,,,1,0,82.1,0.7,30.6,38.5,11.1,1.2,
1259223,Themi Antonoglou,Las Vegas Lights FC,915809,Western,defenders,LB,81,25,2001-06-02,Canada,175,82411,,25,38,2021,7.01,1,2,0.04,0.5,0.2,31.2,3,38,2,0.4,3,,5.5,1.7,1.3,2.4,0.1,4.1,0.2,,1.2,3,,,,,,2,0,85.8,1.7,47.4,50,9.1,2,
759820,Kyle Scott,Las Vegas Lights FC,915809,Western,midfielders,CM,8,28,1997-12-22,USA,173,94200,,8,76,557,,,,,,,,2,6,,,,,,,,,,,,,,2,,,,,,,,,1,,,,,
1174821,Edison Azcona,Las Vegas Lights FC,915809,Western,midfielders,LW,10,22,2003-11-21,Dominican Republic,168,84233,,2,87,22,,,,,,,,,1,,,,,,,,,,,,,,,,,,,,,,,4.1,,,,,
1368334,Patrick Leal,Las Vegas Lights FC,915809,Western,midfielders,"CAM,CM",17,23,2003-02-21,USA,185,53098,,12,85|77,342,,,1,,,,,2,5,,,2,,,,,,,,,,,1,,,,,,,,,1.3,,,,,
1767539,Carson Locker,Las Vegas Lights FC,915809,Western,midfielders,"CM,CAM,CDM",18,18,2007-10-08,USA,178,779748,,24,76|86|66,1311,6.62,,1,,1.2,0.4,31.2,2,10,1.6,0.8,,,3.2,1.3,0.8,1.1,0.1,3.7,0.5,,1.5,4,,,,,,0,,81.9,0.7,54.5,64.7,0,2,
1341112,Marc Ybarra,Las Vegas Lights FC,915809,Western,midfielders,"CM,CDM,CAM",23,27,1998-12-18,USA,183,72000,,22,74|64|84,1749,6.62,,1,,0.4,0.1,28.9,2,9,1.8,0.1,,,4.2,1.7,0.9,1.3,0.2,2.6,0.3,,1.5,4,1,,,,,0,,83.5,0.5,47.3,25,0,1.4,
1644436,Giorgio Probo,Las Vegas Lights FC,915809,Western,midfielders,"CDM,CM,CB",27,27,1999-07-19,Italy,173,52964,,24,65|75|55,1640,7.08,,1,,1,,57.3,3,30,9.7,0.5,,,4.2,2,1,0.9,0.3,7.4,0.2,1,0.9,5,,,,,,1,,81.7,1.6,55.7,81.8,0,4.4,
1276879,Abraham Okyere,Las Vegas Lights FC,915809,Western,midfielders,"CAM,RW",43,24,2002-07-06,Ghana,180,166176,,20,85|83,718,6.52,4,,0.5,2.8,0.6,17.8,,9,0.9,0.6,3,,5.3,2.6,1,1.4,0.3,5,1,,2.5,1,,,,,,1,0,79.3,1.1,43.8,26.3,18.2,2.4,
242923,Manuel Arteaga,Las Vegas Lights FC,915809,Western,attackers,ST,9,32,1994-06-17,Venezuela,183,84177,,23,105,918,6.45,2,1,0.2,3.1,1.2,15.9,1,10,0.6,0.4,6,1,1.9,1,0.3,0.4,0.2,2.3,0.7,,2,4,,,,,,0,0,76.8,1,60,40,6.3,1.4,2
1308379,Christian Pinzón,Las Vegas Lights FC,915809,Western,attackers,"RW,LW,RM,CAM,LM,ST",11,28,1998-06-24,Mexico,175,66495,,25,83|88|72|95|79|105,2128,7.22,2,6,0.08,1.8,0.6,38.5,4,28,2.7,1.3,6,,2.8,1.1,0.8,0.8,0.1,4.5,0.9,,0.9,2,,,,,,5,0,89.3,1.2,71.6,45.6,4.7,2.5,
1253163,Jonathan Rodriguez,Las Vegas Lights FC,915809,Western,attackers,"ST,LW",14,28,1998-06-13,USA,183,88381,,25,115|87,2095,7,12,1,0.52,3,0.9,15.9,3,19,0.9,0.4,5,,2.1,0.7,0.5,0.8,0.1,1.5,0.4,,2,5,,,,,,0,1,77.8,0.8,66.7,39.1,17.4,0.6,
521306,Oalex Anderson,Las Vegas Lights FC,915809,Western,attackers,"ST,LM,LW",25,30,1995-11-11,St. Vincent and the Grenadines,175,50000,,19,106|78|107,1339,6.97,8,1,0.54,2.4,1,9.1,3,12,0.3,0.8,7,1,1.5,0.6,0.5,0.2,0.2,1.9,0.3,,1.7,4,,,,,,1,0,73,0.8,35.7,32.4,22.2,0.9,1.7
278865,Patrick Rakovsky,Phoenix Rising FC,424268,Western,keepers,GK,1,33,1993-06-02,Germany,188,50000,,22,11,1980,6.54,,,,,,25.9,1,3,,,,,0.4,,,0.4,,9.6,,,,,,5,61.9,2.4,1.5,0,,77,0.1,,,,,
1205694,Chituru Odunze,Phoenix Rising FC,424268,Western,keepers,GK,14,23,2002-10-14,USA,203,141240,,4,11,360,,,,,,,,,,,,,,,,,,,,,,,,,,,,,,,,,,,,,
1793926,Tristan Shaw,Phoenix Rising FC,424268,Western,keepers,,76,18,2008-05-31,USA,193,,,,,,,,,,,,,,,,,,,,,,,,,,,,,,,,,,,,,,,,,,
1188662,Collin Smith,Phoenix Rising FC,424268,Western,defenders,"RB,RM,RW",2,22,2003-12-04,USA,178,198643,,24,32|72|83,1755,6.78,,,,0.8,0.2,27.1,5,15,1.4,0.5,2,,4.6,1.3,0.6,2.6,0.2,3.7,0.2,,1.5,4,,,,,,0,,82,0.8,47.4,55.6,0,1,
1611497,Pape Boye,Phoenix Rising FC,424268,Western,defenders,CB,4,22,2003-12-30,Senegal,190,180362,,20,34,1630,6.87,,1,,0.7,0.1,44,1,5,5.4,0.2,2,,8.3,1.3,1.1,5.4,0.4,3.8,,,0.9,3,,,,,,0,,82.6,0.3,49.2,100,0,,
335412,Rafael Czichos,Phoenix Rising FC,424268,Western,defenders,CB,5,36,1990-05-14,Germany,187,50000,,10,36,534,,1,,,,,,,1,,,,,,,,,,,,,,2,,,,,,,0,,0.2,,,,,
1341109,Luke Biasi,Phoenix Rising FC,424268,Western,defenders,"LB,RB,RWB,CB",20,27,1999-07-15,USA,183,83007,,23,38|32|62|37,1707,6.53,,,,0.4,0.1,34.3,1,8,2.7,0.5,,,4.8,1.4,0.7,2.4,0.3,3.6,0.1,,1.6,7,3,,,,,0,,84.4,0.4,55.4,76.9,0,1.6,
1611869,Adrián Pelayo,Phoenix Rising FC,424268,Western,defenders,CB,24,20,2006-05-16,Mexico,186,413752,,21,36,1026,6.49,1,,0.09,1,0.1,41.1,,3,4.9,0.4,1,,5.4,0.7,1.1,2.9,0.6,2.7,,1,1,5,,,,,,0,0,85.4,0.3,53.3,80,9.1,,
1933245,Jackson Gaydon,Phoenix Rising FC,424268,Western,defenders,RB,33,18,2008-09-08,USA,178,,,1,32,1,,,,,,,,,,,,,,,,,,,,,,,,,,,,,,,,,,,,,
1975689,Noah Cross,Phoenix Rising FC,424268,Western,defenders,LB,47,17,2009-01-27,USA,180,,,1,38,1,,,,,,,,,,,,,,,,,,,,,,,,,,,,,,,,,,,,,
1025951,Tate Schmitt,Phoenix Rising FC,424268,Western,defenders,RW,48,29,1997-05-28,USA,180,103680,,7,83,236,,,2,,,,,1,5,,,,,,,,,,,,,,1,,,,,,,,,1.9,,,,,
1276594,Ascel Essengue,Phoenix Rising FC,424268,Western,defenders,"CB,RM,RWB",51,23,2003-04-30,Cameroon,185,108812,,14,35|72|62,1044,6.67,,,,0.4,,48.4,,1,3.2,0.7,1,1,8.1,1.8,1.5,4.3,0.5,6.5,0.1,,2.6,2,,,,,,1,,88.8,0.1,56.1,53.3,0,2.9,1.6
1190668,Daniel Flores,Phoenix Rising FC,424268,Western,defenders,"LB,LM,LWB",87,23,2003-05-11,Mexico,178,68062,,20,38|78|59,1151,6.51,2,1,0.16,0.5,0.3,23.9,5,13,1.2,0.3,,,3.9,0.7,0.9,2.2,0.1,3.1,0.2,1,0.9,3,,,,,,0,0,85,1,50,36.4,33.3,1.6,
1732593,Pierce Rizzo,Phoenix Rising FC,424268,Western,defenders,RB,88,19,2006-12-10,USA,180,,,,,,,,,,,,,,,,,,,,,,,,,,,,,,,,,,,,,,,,,,
1927872,Eziah Ramirez,Phoenix Rising FC,424268,Western,defenders,"RB,RW,RWB",91,18,2008-02-29,USA,175,,,6,32|83|51,212,,,,,,,,,2,,,,,,,,,,,,,,2,,,,,,,,,0.8,,,,,
1327189,Diego Gómez,Phoenix Rising FC,424268,Western,midfielders,"CAM,CM,CDM,ST",8,23,2003-09-10,Mexico,170,,,25,85|76|66|114,1894,6.94,2,4,0.1,0.9,0.2,31,5,32,2.4,0.5,1,,2.3,1,0.8,0.5,0.1,2.9,0.3,,1.7,2,,,,,,2,0,86.6,1.5,65.8,40.7,11.1,1.6,
1583143,Jean Moursou,Phoenix Rising FC,424268,Western,midfielders,"CDM,CM",13,21,2004-12-31,Cameroon,183,140577,,26,64|74,2167,6.89,,2,,1,0.2,35.3,2,13,2.1,0.5,,,3.6,1.7,0.7,1,0.2,5.3,0.1,,1.5,8,,,,,,0,,81.7,0.5,47.2,70.6,0,3.2,
1178826,John Scearce,Phoenix Rising FC,424268,Western,midfielders,"CB,CDM,CM,CAM,RB",17,28,1997-12-19,USA,183,101132,,26,36|66|76|95|32,2340,6.95,3,2,0.12,0.7,0.3,38.6,2,10,2.9,0.2,4,,6.4,1.5,0.8,3.6,0.5,2.9,0.2,,1.3,6,,,,,,1,1,84.1,0.4,51.4,54.5,17.7,1.5,
1921660,Jaethan Irwin,Phoenix Rising FC,424268,Western,midfielders,CAM,68,15,2011-01-18,USA,188,,,5,85,70,,,,,,,,,2,,,,,,,,,,,,,,2,,,,,,,,,2.6,,,,,
1433071,Juan Torres,Phoenix Rising FC,424268,Western,midfielders,"CAM,RM,LW,RW",70,25,2001-03-31,Colombia,173,167984,,5,85|72|87|83,374,,,1,,,,,2,6,,,1,,,,,,,,,,,1,,,,,,,,,1.4,,,,,
756429,Ihsan Sacko,Phoenix Rising FC,424268,Western,attackers,"ST,RW,LW,RM",7,29,1997-07-19,France,183,50000,,24,115|83|87|72,1952,7.31,12,4,0.55,3.2,1.5,11.9,8,48,0.7,1.1,9,2,0.7,0.3,0.1,0.2,0,1.7,0.7,,1,4,,,,,,4,5,75.1,2.2,66.7,44.2,17.4,0.8,1.7
1346891,Hope Avayevu,Phoenix Rising FC,424268,Western,attackers,"LW,CM,ST,CAM,LM",10,23,2002-10-19,Ghana,168,68062,,14,87|77|105|86|78,1113,6.65,,1,,1,0.4,29.2,2,16,0.9,0.3,1,,1.5,1.1,0.4,0.1,,3.2,0.4,,1.7,2,,,,,,0,,80.2,1.3,36.7,26.7,0,1.9,
1240740,Gunnar Studenhofft,Phoenix Rising FC,424268,Western,attackers,ST,11,24,2002-04-05,Cayman Islands,191,166241,,24,115,736,6.26,4,1,0.49,2.8,1,7.7,2,6,0.2,0.5,8,1,0.5,0.2,0.1,0.1,,1.5,0.6,,5,4,,,,,,0,0,62.4,0.7,100,25,17.4,0.9,0.5
1136412,Damián Rivera,Phoenix Rising FC,424268,Western,attackers,LW,19,23,2002-12-08,Guatemala,178,75016,,11,87,350,,,1,,,,,1,8,,,1,1,,,,,,,,,,1,,,,,,,,,2.1,,,,,1.8
621537,Dominique Badji,Phoenix Rising FC,424268,Western,attackers,ST,23,33,1992-10-16,Senegal,183,50000,,15,115,911,6.59,3,,0.3,1.8,0.7,10.3,2,9,0.2,0.1,3,,0.6,0.1,,0.5,,1.1,0.3,,1.7,2,,,,,,1,0,71.7,0.9,100,25,16.7,0.6,
2090275,Conrad Ambursley,Phoenix Rising FC,424268,Western,attackers,ST,27,19,2007-02-07,England,178,,,5,115,150,,,,,,,,1,2,,,,,,,,,,,,,,,,,,,,,,,1.2,,,,,
794855,Kelvin Arase,Phoenix Rising FC,424268,Western,attackers,ST,28,27,1999-01-15,Austria,170,50000,,8,104,212,,2,,,,,,,2,,,3,,,,,,,,,,,,,,,,,,0,,0.8,,,,,
1732592,Cyrus Kowall,Phoenix Rising FC,424268,Western,attackers,RW,38,17,2009-01-28,USA,183,,,1,103,5,,,,,,,,,,,,,,,,,,,,,,,,,,,,,,,,,,,,,
1780761,Anthony Capetillo Hernandez,Phoenix Rising FC,424268,Western,attackers,CM,45,16,2009-10-26,USA,180,,,4,77,79,,,,,,,,,,,,,,,,,,,,,,,,,,,,,,,,,,,,,
1751994,Alexander Balanzar De la Cruz,Phoenix Rising FC,424268,Western,attackers,RW,80,17,2008-11-08,USA,168,,,,,,,,,,,,,,,,,,,,,,,,,,,,,,,,,,,,,,,,,,
1261616,Fernando Delgado,Monterey Bay FC,915808,Western,keepers,GK,1,20,2006-07-25,Mexico,188,263621,,11,11,990,,,,,,,,,,,,,,,,,,,,,1,,2,,2,,,,,,,,,,,,
1190741,Ciaran Dalton,Monterey Bay FC,915808,Western,keepers,GK,31,22,2004-01-21,USA,188,,,3,11,225,,,,,,,,,,,,,,,,,,,,,1,,1,,,,,,,,,,,,,,
1339415,Jacob Jackson,Monterey Bay FC,915808,Western,keepers,GK,98,26,2000-04-25,USA,185,94478,,13,11,1125,6.74,,,,,,26.4,,,,,,,1.5,,,1.5,,8.6,,,,,,2,68.3,3.3,1.5,0,,78.4,,,,,,
1897440,Abdel Talabi,Monterey Bay FC,915808,Western,defenders,CB,2,25,2001-07-03,USA,188,,,2,34,73,,,,,,,,,,,,,,,,,,,,,,,,,,,,,,,,,,,,,
1372216,Stuart Ritchie,Monterey Bay FC,915808,Western,defenders,"LB,LM",3,25,2001-09-10,USA,175,130473,,18,38|78,841,,,,,0.3,0.1,24.8,1,10,1.1,0.5,,,4.1,1,0.4,2.5,0.2,2.1,0.2,,0.9,,,,,,,,,76.1,1.1,22.2,55.6,0,1.1,
1159160,Nicholas Gordon,Monterey Bay FC,915808,Western,defenders,CB,5,24,2002-04-28,Montserrat,188,116095,,16,34,1378,6.6,,1,,0.3,0.1,44.3,1,2,2.9,0.1,,,8,0.8,1.2,5.6,0.5,3,0.1,,1.2,2,,,,,,0,,84.1,0.1,40.2,33.3,0,0.9,
1079865,Luka Malešević,Monterey Bay FC,915808,Western,defenders,RB,6,28,1998-08-01,Montenegro,175,50000,,11,32,772,,,,,,,,,2,,,,,,,,,,,,,,1,,,,,,,,,0.2,,,,,
1626139,Joel Garcia,Monterey Bay FC,915808,Western,defenders,"RB,RM,LB",22,24,2002-04-26,USA,165,170720,,23,32|72|38,1604,6.43,1,,0.06,0.6,0.3,24.8,,9,1.9,0.2,1,,4.7,1.5,0.6,2.2,0.4,2.7,0.2,,1.6,8,,,,,,0,0,77.8,0.5,38.2,37.5,9.1,1,
1682712,Kelsey Egwu,Monterey Bay FC,915808,Western,defenders,CB,25,22,2004-02-01,Canada,193,151688,,21,34,1517,6.24,,,,0.3,,41.2,,,2.7,0.2,1,,8.1,1.1,1.3,4.9,0.8,2.4,0.1,,1.9,5,1,,,,,0,,83.5,,41.1,37.5,0,1.1,
1921665,Andres O'Neal,Monterey Bay FC,915808,Western,defenders,,28,17,2009-06-05,USA,180,,,,,,,,,,,,,,,,,,,,,,,,,,,,,,,,,,,,,,,,,,
1190745,Zack Farnsworth,Monterey Bay FC,915808,Western,defenders,"CB,LB",32,24,2002-07-13,USA,185,154509,,25,36|38,2010,6.38,1,,0.04,0.3,0,47.5,1,7,3,0.4,1,,7.6,1.1,1.6,4.2,0.7,2.8,0,,1.7,8,,,,,,0,0,86,0.3,35.1,83.3,14.3,1.1,
2009302,Diego Carbajal,Monterey Bay FC,915808,Western,defenders,,33,18,2007-12-13,USA,170,,,,,,,,,,,,,,,,,,,,,,,,,,,,,,,,,,,,,,,,,,
1780532,Quinton Elliot,Monterey Bay FC,915808,Western,defenders,"CB,RB",47,22,2004-01-30,USA,178,,,11,33|32,557,,,1,,,,,1,5,,,,,,,,,,,,,,4,,,,,,,,,0.8,,,,,
181255,Nick Ross,Monterey Bay FC,915808,Western,midfielders,"CDM,CM",4,34,1991-11-11,Scotland,175,72000,,24,64|74,1838,6.56,,,,0.3,0,39.9,,10,2.4,0.1,2,,4.5,1.1,1.3,1.9,0.2,3.9,0.6,,1.1,3,,,,,,0,,86.8,0.5,46.2,50,0,2,
1350176,Facundo Canete,Monterey Bay FC,915808,Western,midfielders,CDM,10,26,2000-02-22,USA,178,,,3,66,87,,,,,,,,,,,,,,,,,,,,,,,1,,,,,,,,,,,,,,
1358343,Ryuga Nakamura,Monterey Bay FC,915808,Western,midfielders,"CDM,CM",14,25,2001-07-24,Japan,186,125582,,25,66|76,1870,6.48,2,,0.1,0.5,0.1,40.9,1,13,2.3,0.1,,,5.2,1.3,1.1,2.5,0.4,4,0.4,1,1.9,3,,,,,,1,0,82.4,0.6,43.5,20,20,2,
1283365,Jacob Montes,Monterey Bay FC,915808,Western,midfielders,"CAM,CM,ST,CDM,LW",16,27,1998-10-20,Nicaragua,180,125088,,6,86|76|104|64|87,275,,,1,,,,,1,4,,,,,,,,,,,,,,,,,,,,,,,1.3,,,,,
1650450,Belmar Joseph,Monterey Bay FC,915808,Western,midfielders,"CDM,CM",18,20,2005-10-13,Haiti,191,118909,,14,66|76,608,,,,,0.9,,31.4,,5,1.3,1,,,5.5,2.1,1,1.8,0.6,4.4,0.1,,2.2,2,1,,,,,,,83.8,0.7,40.9,77.8,0,2.5,
1348326,Eduardo Blancas,Monterey Bay FC,915808,Western,midfielders,CAM,23,24,2001-11-14,USA,183,157928,,15,85,506,6.35,1,1,0.18,1.4,0.5,20.6,,6,1.6,0.2,,,2.5,1.2,0.2,0.9,0.2,2.5,,,2.1,2,,,,,,0,0,71.6,1.1,27.3,33.3,12.5,,
2303352,Julian Pakbaz,Monterey Bay FC,915808,Western,midfielders,,26,16,2010-09-14,USA,188,,,,,,,,,,,,,,,,,,,,,,,,,,,,,,,,,,,,,,,,,,
1921664,Ballack Villasana,Monterey Bay FC,915808,Western,midfielders,,30,19,2007-01-04,USA,180,,,1,2,4,,,,,,,,,,,,,,,,,,,,,,,,,,,,,,,,,,,,,
411629,Sebastian Lletget,Monterey Bay FC,915808,Western,midfielders,"CAM,ST,LW",88,34,1992-09-03,USA,178,50000,,24,85|104|107,1790,7.08,4,2,0.2,0.9,0.6,40,7,45,0.9,1,2,,2.1,0.9,0.6,0.5,0.1,4,0.7,1,1.2,1,,,,,,0,0,87.9,2.3,40.5,54.1,22.2,2,
575317,Judson,Monterey Bay FC,915808,Western,midfielders,CM,93,33,1993-05-25,Brazil,168,132762,,3,76,82,,,,,,,,,,,,,,,,,,,,,,,1,,,,,,,,,,,,,,
1344758,Adrian Rebollar,Monterey Bay FC,915808,Western,attackers,LW,7,26,1999-11-12,USA,170,115076,,5,87,83,,,,,,,,,1,,,,,,,,,,,,,,1,,,,,,,,,1.1,,,,,
1447989,Wesley Leggett,Monterey Bay FC,915808,Western,attackers,"RW,RM,ST",11,25,2001-03-16,USA,178,105425,,25,83|72|115,1149,6.36,3,1,0.23,2,0.8,8.9,2,4,0.3,0.2,,,2.7,0.9,0.3,1.1,0.3,2.4,0.5,,1.7,2,,,,,,0,0,68.5,0.3,40,10,11.5,1.4,
1406105,Fidel Barajas,Monterey Bay FC,915808,Western,attackers,"RW,LW",15,20,2006-04-05,Mexico,178,1415068,,10,83|88,538,,1,1,,,,,,6,,,,,,,,,,,,,,3,,,,,,,0,,1,,,,,
1240376,Omari Glasgow,Monterey Bay FC,915808,Western,attackers,"LB,LW,RW,RM",17,22,2003-11-22,Guyana,173,115181,,24,38|87|83|72,1937,6.91,1,4,0.05,2.3,0.4,25,1,20,1.1,1.3,2,,3.5,1.7,0.7,1,0.1,5.3,0.4,,1.3,3,,,,,,2,0,80.2,0.9,49,40,2,2.6,
1082953,Ilijah Paul,Monterey Bay FC,915808,Western,attackers,"ST,LW,CAM",20,24,2002-07-26,USA,185,85698,,25,115|87|85,2085,6.73,5,4,0.22,2,0.7,15.7,3,24,0.3,0.6,7,,2.2,1.3,0.3,0.5,0.1,3.1,0.5,,2.8,6,,,,,,1,0,78.8,1,38.9,41.7,10.9,1.8,
1364473,Diego Otoya,Monterey Bay FC,915808,Western,attackers,ST,21,22,2004-09-13,Peru,189,181093,,8,115,218,,1,,,,,,,2,,,,,,,,,,,,,,2,,,,,,,0,,0.8,,,,,
323380,Mattheus,Tampa Bay Rowdies,197328,,NOT_IN_CURRENT_SQUAD,,,,,BRA,,,,9,85|83,468,,2,2,,,,,3,18,,,,,,,,,,,,,,,,,,,,,0,,3.5,,,,,
729507,Mason Stajduhar,Las Vegas Lights FC,915809,,NOT_IN_CURRENT_SQUAD,,,,,USA,,,,4,11,360,,,,,,,,,,,,,,,,,,,,,,,,,2,,,,,,,,,,,,
754585,Shaan Hundal,Brooklyn,1877733,,NOT_IN_CURRENT_SQUAD,,,,,CAN,,,,6,115,201,,,,,,,,,4,,,1,,,,,,,,,,,,,,,,,,,,1.8,,,,,
825584,Latif Blessing,Lexington,1430405,,NOT_IN_CURRENT_SQUAD,,,,,NIG,,,,5,83|85,220,,,,,,,,,2,,,,,,,,,,,,,,1,,,,,,,,,0.8,,,,,
825605,Adonijah Reid,Sporting JAX,1737991,,NOT_IN_CURRENT_SQUAD,,,,,CAN,,,,1,107,23,,,,,,,,,1,,,,,,,,,,,,,,,,,,,,,,,3.9,,,,,
860585,Dominik Wanner,Sacramento Republic,521004,,NOT_IN_CURRENT_SQUAD,,,,,GER,,,,10,87|106,401,,1,,,,,,1,2,,,2,,,,,,,,,,,3,,,,,,,0,,0.4,,,,,
907869,Andrés Souper,Loudoun United,1003205,,NOT_IN_CURRENT_SQUAD,,,,,CHI,,,,11,64,490,,,,,,,,1,11,,,1,,,,,,,,,,,3,,,,,,,,,2,,,,,
924442,Handwalla Bwana,Las Vegas Lights FC,915809,,NOT_IN_CURRENT_SQUAD,,,,,SOM,,,,2,87,124,,,,,,,,,,,,,,,,,,,,,,,,,,,,,,,,,,,,,
1025934,JJ Williams,Rhode Island,1597140,,NOT_IN_CURRENT_SQUAD,,,,,USA,,,,17,115,1526,7.4,8,4,0.47,3.4,1.4,9.3,6,21,0.5,0.7,15,,3.7,0.7,0.1,2.5,0.4,1.7,0.4,,1.9,3,1,,,,,4,0,57.9,1.2,72.7,33.3,13.8,1.2,
1045118,Conner Antley,Tampa Bay Rowdies,197328,,NOT_IN_CURRENT_SQUAD,,,,,USA,,,,3,32|51,148,,1,,,,,,,2,,,,,,,,,,,,,,,,,,,,,0,,1.2,,,,,
1075251,Darius Johnson,Phoenix Rising,424268,,NOT_IN_CURRENT_SQUAD,,,,,GRN,,,,7,107,568,,,,,,,,,3,,,1,2,,,,,,,,,,,,,,,,,,,0.5,,,,,3.6
1082123,Preston Kilwien,Miami FC 2,721896,,NOT_IN_CURRENT_SQUAD,,,,,USA,,,,3,37,163,,,,,,,,,1,,,,,,,,,,,,1,,,,,,,,,,,0.6,,,,,
1082236,Jahlane Forbes,Las Vegas Lights FC,915809,,NOT_IN_CURRENT_SQUAD,,,,,USA,,,,2,78|38|51,9,,,,,,,,,,,,,,,,,,,,,,,,,,,,,,,,,,,,,
1083230,Will Seymore,New Mexico United,1003208,,NOT_IN_CURRENT_SQUAD,,,,,USA,,,,8,34|32,320,,,,,,,,,1,,,,,,,,,,,,1,,1,,,,,,,,,0.3,,,,,
1190717,Isaiah LeFlore,Tampa Bay Rowdies,197328,,NOT_IN_CURRENT_SQUAD,,,,,USA,,,,3,38|59|88,127,,,,,,,,1,1,,,,,,,,,,,,,,,1,,,,,,,,0.7,,,,,
1195273,Thorleifur Úlfarsson,Loudoun United,1003205,,NOT_IN_CURRENT_SQUAD,,,,,ISL,,,,16,115,1416,7.3,8,2,0.51,2.9,1.3,14.6,5,23,0.8,0.6,8,,1.6,0.4,0.1,1.1,,1.2,0.4,,0.7,1,,,,,,2,0,76.2,1.5,80,56.3,17.4,0.6,
1234692,Elias Gärtig,Las Vegas Lights FC,915809,,NOT_IN_CURRENT_SQUAD,,,,,DEN,,,,4,36,192,,,,,,,,,1,,,,,,,,,,,,,,,,,,,,,,,0.5,,,,,
1252616,Emmanuel Johnson,San Antonio,722269,,NOT_IN_CURRENT_SQUAD,,,,,USA,,,,6,115,264,,,,,,,,,2,,,,,,,,,,,,,,2,,,,,,,,,0.7,,,,,
1341114,Jesse Maldonado,Oakland Roots,1130413,,NOT_IN_CURRENT_SQUAD,,,,,USA,,,,1,74,4,,,,,,,,,,,,,,,,,,,,,,,,,,,,,,,,,,,,,
1346905,Nelson Pierre,FC Tulsa,614325,,NOT_IN_CURRENT_SQUAD,,,,,HAI,,,,8,115,243,,1,,,,,,,,,,1,,,,,,,,,,,1,,,,,,,0,,,,,,,
1353588,Riley Bidois,Monterey Bay,915808,,NOT_IN_CURRENT_SQUAD,,,,,NZL,,,,6,115,330,,4,1,,,,,1,3,,,2,3,,,,,,,,,,1,,,,,,,1,,0.8,,,,,3
1360350,Leo Duru,Birmingham Legion,1003207,,NOT_IN_CURRENT_SQUAD,,,,,USA,,,,6,32|82,289,,,,,,,,1,5,,,,,,,,,,,,,,,1,,,,,,,,1.6,,,,,
1368923,Josh Martinez,Orange County SC,267813,,NOT_IN_CURRENT_SQUAD,,,,,USA,,,,2,36,12,,,,,,,,,,,,,,,,,,,,,,,,,,,,,,,,,,,,,
1393570,Nighte Pickering,Las Vegas Lights FC,915809,,NOT_IN_CURRENT_SQUAD,,,,,USA,,,,8,105,149,,1,1,,,,,1,2,,,,,,,,,,,,,,,,,,,,,0,,1.2,,,,,
1413144,Andrés Hernández,Hartford Athletic,1003206,,NOT_IN_CURRENT_SQUAD,,,,,USA,,,,15,84,499,6.33,,,,2,0.5,27.8,1,8,2.3,0.2,,,5.1,2.9,0.9,0.5,0.7,4.9,0.4,,1.1,1,,,,,,0,,75.1,1.4,41.9,20,0,2.7,
1439929,Levonte Johnson,Colorado Springs Switchbacks,614321,,NOT_IN_CURRENT_SQUAD,,,,,CAN,,,,8,83|115|87,273,,1,,,,,,1,6,,,2,,,,,,,,,,,,,,,,,,0,,2,,,,,
1440017,Keegan Hughes,Birmingham Legion,1003207,,NOT_IN_CURRENT_SQUAD,,,,,USA,,,,7,34,561,,,,,,,,,2,,,,,,,,,,,,,,3,,,,,,,,,0.3,,,,,
1455815,Mikah Thomas,Indy Eleven,514649,,NOT_IN_CURRENT_SQUAD,,,,,USA,,,,1,38,19,,,1,,,,,1,1,,,,,,,,,,,,,,,,,,,,,,,4.7,,,,,
1478367,Clay Holstad,Rhode Island,1597140,,NOT_IN_CURRENT_SQUAD,,,,,USA,,,,12,64|74|72,958,,1,2,,,,,2,20,,,,1,,,,,,,,,,3,,,,,,,0,,1.9,,,,,0.5
1520422,Chris-Kévin Nadje,Monterey Bay,915808,,NOT_IN_CURRENT_SQUAD,,,,,CIV,,,,8,87|64|78|106,494,,1,1,,,,,1,9,,,,,,,,,,,,1,,2,,,,,,,0,,1.6,,,,,
1520631,Juan Carvajal,Phoenix Rising,424268,,NOT_IN_CURRENT_SQUAD,,,,,COL,,,,2,105,73,,1,,,,,,,,,,1,,,,,,,,,,,1,1,,,,,,0,,,,,,,
1537807,Markus Anderson,Brooklyn,1877733,,NOT_IN_CURRENT_SQUAD,,,,,USA,,,,16,115|87|78|72,1274,6.95,6,4,0.42,1.8,0.9,11,3,16,0.4,1.5,3,1,2,0.8,0.4,0.7,0.1,3.5,0.8,,1.8,1,1,,,,,1,0,65,1.1,35.7,35,24,1.6,2.3
1555153,Arturo Astorga,New Mexico United,1003208,,NOT_IN_CURRENT_SQUAD,,,,,USA,,,,2,32,55,,,,,,,,,1,,,,,,,,,,,,,,,,,,,,,,,1.6,,,,,
1610216,Adam Beaudry,Loudoun United,1003205,,NOT_IN_CURRENT_SQUAD,,,,,USA,,,,7,11,630,,,,,,,,,,,,,,,,,,,,,,,1,,3,,,,,,,,,,,,
1610324,Christian Olivares,Sporting JAX,1737991,,NOT_IN_CURRENT_SQUAD,,,,,USA,,,,15,11,1335,6.41,,,,,,24,,,,,,,0.9,,,0.9,,11.3,,,,,,,59.4,4,2.8,0,,61.9,,,,,,
1615718,Jared Mazzola,Las Vegas Lights FC,915809,,NOT_IN_CURRENT_SQUAD,,,,,USA,,,,6,11,540,,,,,,,,,,,,,,,,,,,,,1,,,,1,,,,,,,,,,,,
1615719,Chibuike Ukaegbu,Sacramento Republic,521004,,NOT_IN_CURRENT_SQUAD,,,,,USA,,,,12,35|32,381,,,,,,,,,1,,,,,,,,,,,,,,,,,,,,,,,0.2,,,,,
1615795,Logan Neidlinger,Indy Eleven,514649,,NOT_IN_CURRENT_SQUAD,,,,,USA,,,,12,32,872,,,1,,,,,3,5,,,1,,,,,,,,,,,3,,,,,,,,,0.5,,,,,
1626272,Ramiz Hamouda,Birmingham Legion,1003207,,NOT_IN_CURRENT_SQUAD,,,,,USA,,,,10,36,725,,,,,,,,,1,,,1,,,,,,,,,,,,,,,,,,,,0.1,,,,,
1637900,Medgy Alexandre,Charleston Battery,162183,,NOT_IN_CURRENT_SQUAD,,,,,CAN,,,,1,87|78,5,,,,,,,,,,,,,,,,,,,,,,,,,,,,,,,,,,,,,
1638338,Ali Elmasnaouy,Oakland Roots,1130413,,NOT_IN_CURRENT_SQUAD,,,,,USA,,,,1,74|67,17,,,,,,,,,,,,,,,,,,,,,,,,,,,,,,,,,,,,,
1649152,Dmitriy Erofeev,San Antonio,722269,,NOT_IN_CURRENT_SQUAD,,,,,RUS,,,,15,74|72|78,911,6.82,5,1,0.49,2.3,0.9,26.1,1,9,2.1,0.3,,,1.5,0.6,0.2,0.6,0.1,2.7,0.2,,1.3,3,,,,,,1,0,84.1,0.9,61.8,37.5,21.7,1.5,
1662133,Jamison Ping,Phoenix Rising,424268,,NOT_IN_CURRENT_SQUAD,,,,,USA,,,,4,87,95,,,,,,,,,,,,,,,,,,,,,,,,,,,,,,,,,,,,,
1667774,Pedro Guimaraes,Orange County SC,267813,,NOT_IN_CURRENT_SQUAD,,,,,USA,,,,3,32|38,41,,,,,,,,,,,,,,,,,,,,,,,1,,,,,,,,,,,,,,
1708523,Pep Casas,Sacramento Republic,521004,,NOT_IN_CURRENT_SQUAD,,,,,ESP,,,,21,66|74,1362,6.78,,1,,0.5,0.1,53.1,3,9,3.4,0.8,,,3,1.6,0.5,0.7,0.2,5.1,0.6,,0.9,1,,,,,,0,,88.5,0.6,62.2,54.5,0,2.6,
1724752,Brigham Larsen,Pittsburgh Riverhounds SC,267816,,NOT_IN_CURRENT_SQUAD,,,,,NOR,,,,4,104,38,,,,,,,,,2,,,,,,,,,,,,,,,,,,,,,,,4.7,,,,,
1727114,Brandon Bent,Miami FC 2,721896,,NOT_IN_CURRENT_SQUAD,,,,,JAM,,,,10,38,226,,,,,,,,,2,,,,,,,,,,,,,,,,,,,,,,,0.8,,,,,
1732519,Kayne Rizvanovich,Brooklyn,1877733,,NOT_IN_CURRENT_SQUAD,,,,,USA,,,,3,11,270,,,,,,,,,,,,,,,,,,,,,,,,,1,,,,,,,,,,,,
1732772,Anisse Saidi,Monterey Bay,915808,,NOT_IN_CURRENT_SQUAD,,,,,TUN,,,,6,115,323,,1,,,,,,,3,,,1,,,,,,,,,,,1,,,,,,,0,,0.8,,,,,
1780441,Mukisa Kiingi,Colorado Springs Switchbacks,614321,,NOT_IN_CURRENT_SQUAD,,,,,USA,,,,1,32|33,8,,,,,,,,,,,,,,,,,,,,,,,,,,,,,,,,,,,,,
1791432,Alexander Naranjo,Miami FC 2,721896,,NOT_IN_CURRENT_SQUAD,,,,,USA,,,,3,3,41,,,,,,,,,,,,,,,,,,,,,,,,,,,,,,,,,,,,,
1810538,Mathieu Ndongo,Miami FC 2,721896,,NOT_IN_CURRENT_SQUAD,,,,,CMR,,,,16,105,729,6.36,3,1,0.37,3,1.1,9,1,5,0.2,1,2,,1,0.6,0.1,0.2,,2.3,0.5,,2.5,2,,,,,,0,0,70.9,0.6,28.6,66.7,12.5,0.9,
1910885,Gilberto Rivera,Phoenix Rising,424268,,NOT_IN_CURRENT_SQUAD,,,,,USA,,,,9,66|76,551,,,,,,,,2,2,,,,,,,,,,,,,,3,,,,,,,,,0.3,,,,,
1919758,Joseph Melto Quiah,New Mexico United,1003208,,NOT_IN_CURRENT_SQUAD,,,,,LBR,,,,12,87|115,696,,2,1,,,,,1,6,,,1,,,,,,,,,,,1,1,,,,,,0,,0.8,,,,,
1919791,Aleksandar Vukovic,Phoenix Rising,424268,,NOT_IN_CURRENT_SQUAD,,,,,SRB,,,,11,36|38,344,,,1,,,,,1,2,,,,,,,,,,,,,,2,,,,,,,,,0.5,,,,,
1921668,Bradley Roberson,Oakland Roots,1130413,,NOT_IN_CURRENT_SQUAD,,,,,USA,,,,3,83,6,,,,,,,,,,,,,,,,,,,,,,,,,,,,,,,,,,,,,